Uuid,SourceFileName,SourceFilePath,SourceFileMd5,SourceFileSize,CarFileName,CarFilePath,CarFileMd5,CarFileUrl,CarFileSize,PayloadCid,PieceCid,SourceId,Deals/0/DealCid,Deals/0/MinerFid,Deals/0/StartEpoch,Deals/0/Cost,Deals/1/DealCid,Deals/1/MinerFid,Deals/1/StartEpoch,Deals/1/Cost,Deals/2/DealCid,Deals/2/MinerFid,Deals/2/StartEpoch,Deals/2/Cost,Deals/3/DealCid,Deals/3/MinerFid,Deals/3/StartEpoch,Deals/3/Cost,Deals/4/DealCid,Deals/4/MinerFid,Deals/4/StartEpoch,Deals/4/Cost,Deals/5/DealCid,Deals/5/MinerFid,Deals/5/StartEpoch,Deals/5/Cost,Deals/6/DealCid,Deals/6/MinerFid,Deals/6/StartEpoch,Deals/6/Cost,Deals/7/DealCid,Deals/7/MinerFid,Deals/7/StartEpoch,Deals/7/Cost,Deals/8/DealCid,Deals/8/MinerFid,Deals/8/StartEpoch,Deals/8/Cost,Deals/9/DealCid,Deals/9/MinerFid,Deals/9/StartEpoch,Deals/9/Cost,Deals/10/DealCid,Deals/10/MinerFid,Deals/10/StartEpoch,Deals/10/Cost,Deals/11/DealCid,Deals/11/MinerFid,Deals/11/StartEpoch,Deals/11/Cost
e808c520-03b0-41fa-b3b9-1de6bc6aad4b,fil-test010,fil-test010,,17180886010,QmQFFpc3C2QWHxd4mGnmnxmwfeN52fyr4KR3mzEfGVq2j5.car,QmQFFpc3C2QWHxd4mGnmnxmwfeN52fyr4KR3mzEfGVq2j5.car,,https://download.fogmetalabs.com/ipfs/Qmc7Y5Xq5cFg7drjcDd17TrAkukwr63Z6e5ob6Gs3e38HD,34091302912,QmQFFpc3C2QWHxd4mGnmnxmwfeN52fyr4KR3mzEfGVq2j5,baga6ea4seaqpqe3tszvcr7gbeec6x2z3gwzmjb6rzwurvqhbgcmdb2rvmwmtsna,2,bafyreigtlirdou6gm4yaseydd7z77e6nh3qrasqe3ixwlqbe4m2auzx5g4,f01163272,2914722,,bafyreidsqvuygd6bnadsmcjchonpbnzds33ckkir7iqiccl3nccx33obne,f01337533,2914722,,bafyreigquxnbjy2mup5s4bufgu6yc2syrsapdbbauj55ngcc4n2tqkxxj4,f0137168,2914722,,bafyreigmya5vpxmrpv4gksmgwdl5noxphnqqkqs63dk7zkswiyk4e2pxxe,f0143858,2914722,,bafyreiduaboe3nyzykyhyxnd7ph3ep7miz66hhltknuysirdveycnn2ioq,f01862564,2914722,,bafyreickcqyv7rsizbocznn4qke3ysbhmwtlz77lgbmpack2veukxxvkf4,f02032191,2914722,,bafyreigv2c3xgn22i3tqg3h6o6w6oyn44xlazc2p2slujn3pbyykaoi2fy,f02301,2914722,,bafyreiegbzsmfosug64jqf6wu7xjbjqeidqx2u7acbyufw4bjs3cn7l4di,f0240185,2914722,,bafyreih2a26pl246yqv62iff46cscyacs23e5mdftdlwwzrxtod55s2ehy,f03223,2914722,,bafyreihhhd2takyokllnocdivac3erv4duo3pto22sfkxjet2dzee7z7ke,f0717969,2914722,,,,,,,,,
7fe4d066-737b-4173-8ade-954f6b2a4f0d,fil-test010,fil-test010,,17180886010,QmcfvPB4XWQ22ce135r1xyaR2RipqUoAfLRQXRqJS11AFZ.car,QmcfvPB4XWQ22ce135r1xyaR2RipqUoAfLRQXRqJS11AFZ.car,,https://download.fogmetalabs.com/ipfs/QmX3QL7LxT99E9fir3Cydw6gKzKKbSGQq9DksAMMvcjXPY,34091302912,QmcfvPB4XWQ22ce135r1xyaR2RipqUoAfLRQXRqJS11AFZ,baga6ea4seaqi3cr4xl2zdnl465laqhtgrw6admlmmmltm77sywoxuzysxxqeumq,2,bafyreie27qjcrgzfe3ftslcai7ntchiopgt3524ynmvr3sgbtbqptmj2gi,f01163272,2914722,,bafyreifdo7c3xsisthu5tmlfykdkoyf2wsbg4d4zhiehzur3qg3rnw32we,f01337533,2914722,,bafyreidwj34agwsji3bexmgnjhoaurnqva42uwannilnmzokic3mjctq5m,f0137168,2914722,,bafyreiclyq6wniqpvzphveveuimmpa6t5ewtrn2nvykzpgkj65wxgsj2ei,f01862564,2914722,,bafyreieh5hb3mwkbryeo46pgw5kxs6ad2cqzgellizcucsjav5gau7stly,f01862564,2914721,,bafyreiabub4oyqic75x63tihtsx2l4yv2xjhnpuwirdghkvdbibj5kxpgq,f02032191,2914722,,bafyreie7jwyhofkaoccodpvjirjlovodl6gydlhybcxss7xdgh37cyolji,f02301,2914722,,bafyreif7yvzith3omvaoxosvauf2l6ypnmpn2dv2meyev6mgbiq2qiotxa,f0240185,2914722,,bafyreiazkmpvviekh2xjfqpdgqa55p6ka2cv7ppjmlxfbletosmnxu3rwm,f03223,2914722,,bafyreih4gsvr2uzgi77qsllwtocklmda5c3w3i4ist2ofpbattkyhlycbi,f0717969,2914722,,,,,,,,,
3c520358-a48c-48de-b5da-144d05aa7a50,fil-test010,fil-test010,,17180886010,QmYAKndRSF6nFMUJ2JRqiXSbB3iJ4niF1tSCecytwqx7Fo.car,QmYAKndRSF6nFMUJ2JRqiXSbB3iJ4niF1tSCecytwqx7Fo.car,,https://download.fogmetalabs.com/ipfs/QmWRqLtfmPr2ZmJfEbmKkDbk8La58bfquydEiNZtcx7nUj,34091302912,QmYAKndRSF6nFMUJ2JRqiXSbB3iJ4niF1tSCecytwqx7Fo,baga6ea4seaqpvqiq5s6pebqsn7wigiujndfvquh5mikxnz5xvhrg7scbmh55mdi,2,bafyreigg5ctel3thvvmnj4jp3i2y2g7nuscdwud3kg57ar3rtylf7xln44,f01163272,2914722,,bafyreib52l4nrj4dxv3zix4gakokn26iprftrydtqwoyhi6sxg46n5sn3q,f01337533,2914722,,bafyreibgvrixhcpewujde642ixmhpys2uo7zrgi5tp3vb5ugoboz6zrtxy,f0137168,2914722,,bafyreiely3nho6znokicxyagmmaohk3bmob2t5whkwmvo6yam2q7d5yqii,f0143858,2914722,,bafyreickrdh3papduozhu37hcrtwgwkenuallw335acs2y47lyxsyzeu74,f01861488,2914722,,bafyreiffat6zijkn7obj45mbnzh3c2p2j36btzgujq5skm2qvcpsliaob4,f01862564,2914721,,bafyreihjyp6fzy5uvnij37i5q5nop7jq3eez3ws5z7woaknfddowkbbexe,f01862564,2914722,,bafyreieuwqftuq7eamlwvocywbfxch6aagxdmqbhsqdn4jz3q7xnl23x5a,f02032191,2914722,,bafyreihtd3d6t7qrvfptqk2y3yqt63alfkjxhudqn3hra3aqdhdexbu32a,f02301,2914722,,bafyreihxis5jmstm7744vuqdqcii4qdpffasr25h2aalaxp4urg6gdqsu4,f0240185,2914722,,bafyreievlpzshub67eevyue4cwf6nybqzwoqs76b225abmosrq3j6t7jh4,f03223,2914722,,bafyreicgq4hccd5uj7pdrivyb233pdtk6hb3db5ybiw5yafjzwqd6gzpdq,f0717969,2914722,
1258686f-5fc1-4759-8d15-714f62efe467,fil-test010,fil-test010,,17180886010,QmZNPUdWVBy3VuLJsCC1DQDLPsENkNpCsKxc928TaEhvb5.car,QmZNPUdWVBy3VuLJsCC1DQDLPsENkNpCsKxc928TaEhvb5.car,,https://download.fogmetalabs.com/ipfs/QmVmJJSumASky5LA4WcQKe5iTvSHpwGq1CQwsMjvUTsQ5g,34091302912,QmZNPUdWVBy3VuLJsCC1DQDLPsENkNpCsKxc928TaEhvb5,baga6ea4seaqhmzr7w5ch6s7k4i25rkv6hfe5z73ujvdhggtiajicf2ltggdygdy,2,bafyreiflaoz2z3rgdewu6c3fo5hjd5v2xtjank4ejmesyndtugbv3tzwyi,f01163272,2914722,,bafyreida4g5obttjjtwqrhucdjrypzkwimp33rlh3bmfe7qzagsjrscemq,f01337533,2914722,,bafyreicx6qxhibivmyqcldbuag3y6c52t6ri6mbxx3qufh7cwgj57kcjru,f0137168,2914722,,bafyreibzm7ofvrepv5ibvyy35t7l32fqdjzlupc7kpmbzziz4nbdtfztd4,f0143858,2914722,,bafyreigdvcithux32qad5ni74ujdh7nahaphsk36otoe6gnpeblfrwgjsq,f01861488,2914722,,bafyreid33eqecmajqn4khsvcrohxhtypgx3op4zb3yvfaf72qufk7bntcm,f01862564,2914722,,bafyreif4jtizzrhnfqzvjellvu3tlvamklxfbe3vpgg6nwpgbfodfyk5su,f02032191,2914722,,bafyreifie5zfw5igtiitayfpozquexdo7ohvxmvcz4nkt4alspclktwx2a,f02301,2914722,,bafyreigqziy7kppfrj6xuiq7grx3nfayk4cz5pieczuk3ciuwd5jyzcqbi,f0240185,2914722,,bafyreig6p7chvons2yebxza5rxnpmzmc4sq2xjgp33ldp7d7f74zhknek4,f0717969,2914722,,,,,,,,,
ed04c817-45a2-4bd6-a8de-eea97648d50d,fil-test010,fil-test010,,17180886010,QmT67dQkTE31D7xMNwPHSypbF24AvqBv1B6chZHfH1AvV3.car,QmT67dQkTE31D7xMNwPHSypbF24AvqBv1B6chZHfH1AvV3.car,,https://download.fogmetalabs.com/ipfs/QmRSozhZoHXo1592v2uerZKtFRVhKHdyLmt3QvL7pVXJWF,34091302912,QmT67dQkTE31D7xMNwPHSypbF24AvqBv1B6chZHfH1AvV3,baga6ea4seaqk7sf226oi7bnvljcl3cmdyfoypzoxrom2v4isrpngu2ym4wbsiji,2,bafyreia7hxnv6upyg5eq7xkmhte6fwe7mn6qn4ui4tilkvk24xqsc6yri4,f01163272,2914722,,bafyreibjhlmzyeh4b2jurjpmx45okepxbk4mqn3jey2eo3xwkcuez7un2i,f01337533,2914722,,bafyreiawa7b56gttcpvc3oiha7doldnse3kodkotif2rz2ya2himljpawq,f0137168,2914722,,bafyreifwjs7jh4zqwb5buib4vxih4bvxwqq7xgtmim6ullhpox7t4kvdua,f0143858,2914722,,bafyreigapurq4x2mru3fmeont4kfx5kd6kfbq5cbluj7rfxq4sfklwrtku,f01861488,2914722,,bafyreic62j7jmsveb2amjsxb6mcucc5lhdevwqxn4z3cw5odc6rlkugjsy,f01862564,2914721,,bafyreid2c2i5hiuvknamcic6foiazdlg2ws6ovs6hfngirkim3xx3plseq,f01862564,2914722,,bafyreigdtuiayrkpxywl6zacyd225cwo6s4gwnqfyrvklbl5lb3qf734ju,f02032191,2914722,,bafyreiaax6feaes7of54xmzz6fxscwtaclpeobaonyh3t4niwye6fbfxsq,f02301,2914722,,bafyreibzyi7nfoax6s2xsah3svgbrvo5wejxui4fqqdpwu2aiiaefyihum,f0240185,2914722,,bafyreiev55ud5vhv2xveo6uno437ju2ehsvc4typxu2h4cqhxnpiz6x4za,f03223,2914722,,bafyreignm4i35bv2p5avrlmizybcol25th4n542ifgvznt42yudcjpljw4,f0717969,2914722,
428a8bfd-c79d-4c48-9f92-2e91269811c4,fil-test010,fil-test010,,17180886010,QmP8w9wfuF19qBZd9LTDVNBMPS2wcLr68k749bWLP3sLSk.car,QmP8w9wfuF19qBZd9LTDVNBMPS2wcLr68k749bWLP3sLSk.car,,https://download.fogmetalabs.com/ipfs/QmWr95oXCkHgUGVn4HYNocynDyb1VjM2a3ag6aLcfW4qUg,34091302912,QmP8w9wfuF19qBZd9LTDVNBMPS2wcLr68k749bWLP3sLSk,baga6ea4seaqmcs2exxz3h2tmi7fjxue44dvymqzsg64sf2x6epchooxga66twjy,2,bafyreibrhvdvedbx7jixrufyte5amagzcsgxd5r3yyywj6hyconfupnqqi,f01337533,2914722,,bafyreie2kim63mvhyos3k3unv5eyxungb3hzcinl7e666sdmq4lkslfcti,f0137168,2914722,,bafyreiesidxfwiktvh2nnveowi323xiwtueljwxld4kvompxp2j5hekzde,f0143858,2914722,,bafyreifyq2xzzsaobu343xrmz4d53urbqjkceknsamtcq2z5gddaz5eb7m,f01861488,2914722,,bafyreieanomjyp2bfk4f53bspma3slmaveenuijrhunkx4wcdi55gkdzhy,f01862564,2914722,,bafyreihfip3hgecxoj56whic62zuyyvo56mvewan2dz2uayiasggndmpeu,f01862564,2914722,,bafyreihzhfk5iv3jlue4rjdbzh3jfvjrkic276pewume7qonbbbbahg7oe,f02032191,2914722,,bafyreidjxkufxjicqiyjfkipo3b2jxbndklut4gdp5i37bhmpw7mq7vjdy,f02301,2914722,,bafyreibzs2zzy65flsos3fg6hipm7wgdg3b5flk3s5zc77aaiah5eu5a7u,f0240185,2914722,,bafyreibi7asnl5mcdgzg5zyfchqaxl5ep6w3u5l6rcd2246vvf4ctbrf5m,f03223,2914722,,bafyreigsl3mnv6abuip4gisvypzrvcwfai56xoruqw6gibo2opes6i2v5y,f0717969,2914722,,,,,
0f92f7e1-b23c-4046-80bf-ab707a62abd7,fil-test010,fil-test010,,17180886010,QmVTpEMnph9QGoTA3Jh6PTx1uz3zF5hYRm6PbV9tcAzHcy.car,QmVTpEMnph9QGoTA3Jh6PTx1uz3zF5hYRm6PbV9tcAzHcy.car,,https://download.fogmetalabs.com/ipfs/QmSQpNY3qvRRtQGKYE4N3wdxZXbZt86acnpmn8MLTwpxAT,34091302912,QmVTpEMnph9QGoTA3Jh6PTx1uz3zF5hYRm6PbV9tcAzHcy,baga6ea4seaqesxpoa47uksiu3un5u22277zdhhbiljtj4z45awo57snlt7dsajy,2,bafyreiddkivz2clnkmqglk3iw26z7pp6ii756p6fwuuamo5ut55seybndy,f01163272,2914722,,bafyreicn7dduy4glvbp3kkd37nxjewlmnti6bshpbmadaekdoxxixjc5hy,f01337533,2914722,,bafyreieuxcow3dpfvsqwmxe2h6dpxzrywxw3kerf2adpef3l7bycp5p4de,f0137168,2914722,,bafyreign4gdiim7penqdswhlhnd266zdzjzla7mzahynxd5stznbw5rxty,f0143858,2914722,,bafyreignsbn6zme74uilthdv6ru73peuqkm43irgonyzygejyzz2vsrudm,f01861488,2914722,,bafyreiarsywph3wunidsbm3vwdwhvfuco7h5c5b4ibwzjulb5jxaqswk6m,f01862564,2914721,,bafyreibd4zgnerxjyzi7wngeuu5o5jbzowemip62qetn2m5qwonvnaotam,f01862564,2914722,,bafyreiaml2mg2rtzszn6qkurfwmfcy5wyj244yrtgbkijrwca2jqtiqhsu,f02032191,2914722,,bafyreiepvuio7yfws65jjjfvafcqve4tcxiijcmqef2lisjaizvpsvsqeu,f02301,2914722,,bafyreidmxqnkghkhdnqsrk3nab5ijedflaazl3ryo6tinpwqepaeomdj5m,f0240185,2914722,,bafyreiavxxlawblquf6xxlziruazwlv6i6qcibrjkb4lfby5cinh72dza4,f03223,2914722,,bafyreigmvuqoj5teilwgn3hehywofegwmmy45upvnyjggx5l4szms3g4ni,f0717969,2914722,
8a8b03a5-e73e-4268-95ab-99304f3f312a,fil-test010,fil-test010,,17180886010,QmbW5SD5mxs3f8wf2zxSrk6L7SdX9Y1FDhF6bTyCHLgN82.car,QmbW5SD5mxs3f8wf2zxSrk6L7SdX9Y1FDhF6bTyCHLgN82.car,,https://download.fogmetalabs.com/ipfs/QmemPTbACNAREHwnZjx3yEEhFZ7jCECMYbxtzJZGCLcjSz,34091302912,QmbW5SD5mxs3f8wf2zxSrk6L7SdX9Y1FDhF6bTyCHLgN82,baga6ea4seaqa526eznebotq3e3besxjggg5imzbrjz3l5gu2lfqgwabmc4q2wfi,2,bafyreih6dhn3csgmhhrv3544c77ht7sncoicy52wo7iso2pnnkn6zl2ntq,f01163272,2914722,,bafyreia4zhusaylaml2pupvufonu5w4sdtfs4vdw6taod7lh4ietv5pcym,f01337533,2914722,,bafyreiej6eujpjy2vhl2oa7ak7dbx6msonb5tpwpl45syxqrkdgaobpbd4,f0137168,2914722,,bafyreicf6yhcb26u2ayggpf7qevsudlqugi62iejscpmks6cxyqxza6k6q,f0143858,2914722,,bafyreih6c6xplenkbxxqro6wnkp675ta6f45qfn44us3mqmmteqc6kq6qe,f01861488,2914722,,bafyreicv24zluicpuglc4z7c3wrvzodghhsnizvimxtwtenlqju6tm2zoy,f01862564,2914722,,bafyreiehmqu5nxwu2ms3kmtji63nivdwbw6fef7r2iwrwewud5tbvn45l4,f01862564,2914721,,bafyreibm7l5r2uutawmu24vb2rc4fh333g3m4cksos7zszknt3ggtwcrti,f02032191,2914722,,bafyreibywlubedtovpqx5gghxg67njdvesn3je4cehgsgplf4skngw6d7u,f02301,2914722,,bafyreicep6623zk3uw54xewdrbeg2vdf5w3ox4qrmf3m4npi2z32lzfnfy,f0240185,2914722,,bafyreifk57uoozssaevesw43zvq4cc7emtgihq6htd6gzj6a6hrcmmw5ti,f03223,2914722,,bafyreieggis3rvavm4jfeta4pdedbh7gozcrdcqvugwjjiv2to2cwibqhy,f0717969,2914722,
950e0017-e79f-460a-9912-e2d053cbe624,fil-test010,fil-test010,,17180886010,QmZoeSDawbnfoAjdULzgJfeTXdZuZrkQuGrpJgpYEfFBqk.car,QmZoeSDawbnfoAjdULzgJfeTXdZuZrkQuGrpJgpYEfFBqk.car,,https://download.fogmetalabs.com/ipfs/QmRncCC5NjvXCipFyProeW4CrADjcxi1VjzQyVBZJyJ4PU,34091302912,QmZoeSDawbnfoAjdULzgJfeTXdZuZrkQuGrpJgpYEfFBqk,baga6ea4seaqcwq57ufj5orrst2pnhryszhrp7utlervxbrmuclys7lsakb7dopq,2,bafyreie53s45etvz5ov6yhkzfrvd2vnbcoyl2xxw5kneqyjakf7fdqvmce,f01163272,2914722,,bafyreibiml2rthd7hjstkxj5p4jkbrhx42u7wnyiwg3lv7tnnce26qsrvy,f01337533,2914722,,bafyreiajfjsp6gpqlncdmdesklzyacdr5gac4qtjp4yclsc2fsngpj5zyu,f0137168,2914722,,bafyreicnzfxtuyimdhdvmbar6forg3my2cy66zczv5jwu2ey25ip2proim,f0143858,2914722,,bafyreihxczqmq2hbbqewqwsxl6jfi4b3h3bczvj7pxy4u5jjkohi3gfyxy,f01862564,2914722,,bafyreicaasg2kjl2r3abgxn6yafhhpuwtafxgewwklipfocunpqjjvuk4e,f02032191,2914722,,bafyreihcrpycjvw34epomiatjrvauvwgrwlwaizmj3jnpke5yryma36ngq,f02301,2914722,,bafyreibuqro3oywrjbpj4j7xoahovaeqls5nku3rjikttcv52ykwysmwom,f0240185,2914722,,bafyreibhbx3fqdlxqm5fprlxxbvs5fkflbmzbeuroktteywushoaquvyyq,f03223,2914722,,bafyreifoe7zmqggr27kpxjyrpchn5qcv6ye3jw2hyadn4awg56ciag2p6m,f0717969,2914722,,,,,,,,,
806c938c-dcd1-468e-8357-24d99017aab9,fil-test010,fil-test010,,17180886010,QmVFeMn7myqcSZ73Bdhku7gGzhtRWyWotKXfToU3oQiEB5.car,QmVFeMn7myqcSZ73Bdhku7gGzhtRWyWotKXfToU3oQiEB5.car,,https://download.fogmetalabs.com/ipfs/QmZuJAWazVPvUsotRGq8ur3mxjv93ayjmASrZ3QCKdzTdS,34091302912,QmVFeMn7myqcSZ73Bdhku7gGzhtRWyWotKXfToU3oQiEB5,baga6ea4seaqinfbqny54epv5tynikorxspepysothfnzy2z2ifngybjc4uke6jy,2,bafyreiehx6r2ifr4rdghrqxxzkbmagehyud6phcnipdd26hfgqtyqrskpe,f01163272,2914722,,bafyreifwcno7ls65nxunpamhemxlvdjn5sxkuuvd56l2pavspfovoj5zmq,f01337533,2914722,,bafyreiengeg5htfavq25msxf7eu4b2cv2gjj4bgob4e7uv6n7owvime26q,f0137168,2914722,,bafyreigpqhzprp6qabxbb64stodwlaw3l7lmvgp3yu4t7o6sbt5xb4s54u,f01861488,2914722,,bafyreie7gyemg2o7qayvx5ig3yu2nkgixuo7lgt3cndfjlzy23wy4hybua,f01862564,2914722,,bafyreihk65hn3ncuc5keke2moie5sxlfrzsqt3h6xklyh72rup4nooxmpe,f01862564,2914721,,bafyreigzznxvqey5x3irkvqtusyxfp43h4ncrpwhe3hk7scsd2ml4vvrxu,f02032191,2914722,,bafyreicehd2hpuuwouzbyyixasapop74kqr4jmzeecbr52pv6kiardovsy,f02301,2914722,,bafyreigyjwwu4wg3rbih24idyhgfoe6txrcaukw2la54gnb54ipr227d4u,f03223,2914722,,bafyreiemqpahdxf5cog5go4fwm4qocl3pgdq77o7vz5r3snctejsiknzcu,f0717969,2914722,,,,,,,,,
06d947cc-c74e-4f8a-827e-c790e96ccd6f,fil-test010,fil-test010,,17180886010,QmZJeMLWZEaNUdJg86peh6xFaHFQKyT6T2fJZgk83ptQGL.car,QmZJeMLWZEaNUdJg86peh6xFaHFQKyT6T2fJZgk83ptQGL.car,,https://download.fogmetalabs.com/ipfs/QmdLzuiTHvw5WjwzSCPcbzusxDhEfnRJwFpXuPsc9sYnMU,34091302912,QmZJeMLWZEaNUdJg86peh6xFaHFQKyT6T2fJZgk83ptQGL,baga6ea4seaqak5yfmb4z6edooj7gt3rci5gyumkals6vyo5aipw7yrc345o74pq,2,bafyreicovgizrdiamwrclmu6bgeb5r47veilfl7iz55gk3lq226j62tq7e,f01163272,2914722,,bafyreiafaeox4iu52k7z2y7doznjo4arpxofceo7xu6c2wxg75uc7ol3wu,f01337533,2914722,,bafyreibdgxwdbzseonfg2u7lkg3wtwu5pro7x42zkjwrig2eyni5t64i64,f0137168,2914722,,bafyreieolbdep7pca2ue4ua33pphim4yyn4ybp23eji23kv6va7edy4kwq,f0143858,2914722,,bafyreiallq7jxqlv4nojux7znkp23fpstac6ndmaj7u5hozyxbs6go33pi,f01862564,2914722,,bafyreibv3terlpuujv63e7b7okmwxdye4lsddyspli2uuxl6periopfasu,f01862564,2914721,,bafyreia4ubjuzdrwqwsj4mi632khfbdb5pdlmsnidt3pk3lahgjyj4p3ai,f02032191,2914722,,bafyreiae2k7eyn5txj6hdzqyi4jfkho2rehcacnvay6mivctunim6b4cvq,f02301,2914722,,bafyreicdh6m3yfkapepxobfab5iiav4mdxgjzvdfqdgzc6cuh3bowuwxwe,f0240185,2914722,,bafyreiaos23wkywx6pfx3upd36vronauemsb3i4kuniemtrfax7wgfcgau,f03223,2914722,,bafyreieg63so32s2bauidlikjm4r4g6l2hywvndiiismblmbfsofigwjay,f0717969,2914722,,,,,
b60100a1-221b-4af8-a011-b5a9010bb631,fil-test010,fil-test010,,17180886010,QmVyUwGfJkTzS4KD2UTjnrgnzSoGAgyEF6myC2kwQXGeYK.car,QmVyUwGfJkTzS4KD2UTjnrgnzSoGAgyEF6myC2kwQXGeYK.car,,https://download.fogmetalabs.com/ipfs/Qmf9JjqKL3p4LB8krrpjJ6Tvivcacr4JV2fyUynk3kvvb8,34091302912,QmVyUwGfJkTzS4KD2UTjnrgnzSoGAgyEF6myC2kwQXGeYK,baga6ea4seaqbmhkharohamc5k5qudybt5j4zqexxsler5nep62gg5jjo5sw7ohi,2,bafyreifpmsbvtrt5xpxnyjkd2jhk2vkxnchijpjwzwpyqsaifnfco2ayqa,f01163272,2914722,,bafyreifrrtfzvvzlosgsg5bpuwcaylk2az7yu4hiqkc43f57uio7mycoqa,f01337533,2914722,,bafyreico3ncpknx7vwa25og5pt5t2bfwwnn4i5d36irkhxpi5ozonxxc7y,f0137168,2914722,,bafyreidrxfufii4dfgcnhnefcwg4gp5ixyzbdi3tpgt4hk52sf2cwibozm,f0143858,2914722,,bafyreichdbiyryehfvn7nfxphfs6ywzojnmlrdzsqyuerqc6rhvqtqf7z4,f01861488,2914722,,bafyreigc4s2knnps3quhf3xhtrscqnjhakr5yotb37do5czhvxmja7hira,f01862564,2914721,,bafyreigkn77tbkyqkqhbtofeqqroqafzrxugq4nllbldbam6usbqbibbmy,f01862564,2914722,,bafyreigs63keovtm7cedxnvk6gcr5fjzjlvq5ukza7nxr2tafqiw4wtoea,f02032191,2914722,,bafyreibyx3gwfpl5fi5i5npwqabadlqfcz6ru6jwrda55gy7za7ma72hmi,f02301,2914722,,bafyreihfxrfojgkstjx34fzpemcw3i7cso7at3ubnoqhuadwuhyxhc5rhm,f0240185,2914722,,bafyreie56aqt5bdh5tx6dob2ulayhwdzahcvi5eiz3ljvkdjbjbywn3hq4,f03223,2914722,,bafyreihympkm47xb2eh5znegbhlsy7cezw7vf2qolmlm7vqksn5x356dtq,f0717969,2914722,
f776d118-318d-4e8b-8bb0-d7a2a992b2c5,fil-test010,fil-test010,,17180886010,QmdE3CCKuP5kWXcrF4wLgxx4rbeeXQ1NKXQmsmqrGsNbsp.car,QmdE3CCKuP5kWXcrF4wLgxx4rbeeXQ1NKXQmsmqrGsNbsp.car,,https://download.fogmetalabs.com/ipfs/QmczsZ4GuQa97RPCKsfFdcY5wQtYm82hhpgerjv86uxvXX,34091302912,QmdE3CCKuP5kWXcrF4wLgxx4rbeeXQ1NKXQmsmqrGsNbsp,baga6ea4seaqmrsc7hxkxwewyefxn3duyj5y4j4qijyvnh5fw3553xvatnkbvuoy,2,bafyreidc5vlijxwzk6kmeb7kx524bcdp3yz4qgiuzwuilnkiuq7cuttn7y,f01163272,2914722,,bafyreibtywyvgggoftserm2ketzd472iisqyuzxtfcdps7zt5xvecgy24i,f01337533,2914722,,bafyreic4vqsfpb5qwsp3g5kktjwqrwnm2rpym2mfm3y5iacarrnoyhvhja,f0143858,2914722,,bafyreieisl7vzevg2oelqts53ejjpump6xt4j3c3cn3ewfryauxol7e6a4,f01862564,2914722,,bafyreifdv2tnwzejoc26j47t5owcpztyml5k33v7qe6e33qg74rtthlx6q,f01862564,2914721,,bafyreidcyuzyy2qytvsu2stehcchehprzljjrlhivje5pxp5iok3uyogde,f02032191,2914722,,bafyreidp3pzxluxqipfdrav5kst4qed3qzebeq6paaxi3374mtlvhdvej4,f02301,2914722,,bafyreidcqe7lxvpjtau7223tlsca5izx53pz5kkkp5n7hio7jgfbhhjjvq,f0240185,2914722,,bafyreif3jrqtve6f34hhek3vk4v5y6umzkgdezu5qdzudyhawwpw3rhbx4,f03223,2914722,,bafyreigswyxpiwei4cbga2rtmpxwyapp6dzobmmocu3rcuy2h67bz5kkfq,f0717969,2914722,,,,,,,,,
ff4a8b78-c81f-4327-a35e-becac94b38a6,fil-test010,fil-test010,,17180886010,QmZ8dY844maUSfPCmxvCBWBTPKEm3gCeZ6hBUaVWHbcxYf.car,QmZ8dY844maUSfPCmxvCBWBTPKEm3gCeZ6hBUaVWHbcxYf.car,,https://download.fogmetalabs.com/ipfs/QmbFj76X1Ki9bkgqmjyR9Sv65eRvhvinc8FaKqRXP6bP4W,34091302912,QmZ8dY844maUSfPCmxvCBWBTPKEm3gCeZ6hBUaVWHbcxYf,baga6ea4seaqihrn4uhghw7sxp4l2gqiqrd3hskdnzuc5wvmclgmq7gh5fambmni,2,bafyreidlx5gh5ehh6gyiqkjjcq4gl3siiq3jxbcou2zadsi7z7pt7aessi,f01163272,2914722,,bafyreiaxvrpb2rj45i3nomdtcaq2letmdmqopn4cf3tf6jj36aly6xuocy,f01337533,2914722,,bafyreideizqccslyof7xl5qglftkyuj2ubrzgndynuz4zr6olxp2hmmiqa,f0137168,2914722,,bafyreia5bcedto3bfn23uagdwuhxabohgva4otam5wq24lmoueqe3vxetm,f0143858,2914722,,bafyreiddf3et4762ff3nqekpoxjttglpr22o37znpjmohu5yhhd65qz3pq,f01862564,2914722,,bafyreie7fhjdptdcl53htyqjkmtybwzq47hm74oobmygtzwouck4tmzhlu,f01862564,2914722,,bafyreihnafdwtue5bxro27nlr3u4axbdjpporz7he2owhtr44iiszwtipi,f02032191,2914722,,bafyreihoomtaghlurfsfrnqxfjz7hu2z6xf5lnhvnwla7olwmexujwjyvm,f02301,2914722,,bafyreiglmdgcchqxjqsblhiht5srntqsjqssxzsbhyiwgce7ewp7i6ccki,f0240185,2914722,,bafyreiamji5ls5njfp7jnhcgx7ebvmgul2xx3pltjkh2gaarov6kxkda4a,f03223,2914722,,bafyreigx32emvf7dgkah63a24tcj3w7vwxmcmueozuw4giafx3erfodefm,f0717969,2914722,,,,,
a64771de-a315-4a24-8085-246bc9ea89f3,fil-test010,fil-test010,,17180886010,QmRj1agZDfPPB1e4kmpoBAznxcjtqZG285ocnpabhMTWzR.car,QmRj1agZDfPPB1e4kmpoBAznxcjtqZG285ocnpabhMTWzR.car,,https://download.fogmetalabs.com/ipfs/QmVPgwGK6UvFVaTWwx2K9wvazuaFNt4vABjswecbMUCLSe,34091302912,QmRj1agZDfPPB1e4kmpoBAznxcjtqZG285ocnpabhMTWzR,baga6ea4seaqfgqiije5gjxczfitgzqe75qbs4stwbcxk4dfvllxdowofpohpiii,2,bafyreiawtwxlx4uhlzedek73lf55kd4szwhsxsa5dmgeldaxuypbmax7hm,f01163272,2914722,,bafyreig5gspeezwrfo23lmaewtjfmo43z43kiv2gxcolsgijy3meki7zzi,f01337533,2914722,,bafyreihr5vumgfyurkhecsrgfto7qifuot5loupsoxhbcm26fuhefwaraa,f0137168,2914722,,bafyreig55mbnxh32ftotdmanqkmsrmpc5vcvhw5avb5yoxmm4h5zietwha,f0143858,2914722,,bafyreiderik2muhyu7j2ix4smdvayldtm5onf2amsyrzbe74h74ho7dxvy,f01862564,2914722,,bafyreiayfjiyqzdbpfh4vl5dm5ltf33m3jqjf5a7t7ttmlptgouo6krwxy,f02032191,2914722,,bafyreiatueq5k46xoode3m3czsayymjc7qkacw2l7ckr4oo3bjfmippwbu,f02301,2914722,,bafyreic2cqoeopgdjnf7qvd2bpjirbcpo3uwm3rrj7myd5mf6ehmj47nae,f0240185,2914722,,bafyreicepev5ydc3qpmwxptx7jlwumwkqktcjpopxfkrr3nuhrn2mo6z2m,f0717969,2914722,,,,,,,,,,,,,
d62ce17e-c499-40bd-b7b1-60bbef5b8ce3,fil-test010,fil-test010,,17180886010,QmWDNotYg3QHvHL8Nv3EW1zTEeM3Y9zTLxd7aYDL34FSGS.car,QmWDNotYg3QHvHL8Nv3EW1zTEeM3Y9zTLxd7aYDL34FSGS.car,,https://download.fogmetalabs.com/ipfs/QmYipzYfcNQEGru8hvTNhpLSr5E8p92zcDTGTXqGDPsk8f,34091302912,QmWDNotYg3QHvHL8Nv3EW1zTEeM3Y9zTLxd7aYDL34FSGS,baga6ea4seaqdtqupzxv6hpduceus3fkwvisisjxzppfsrslhgjwaowrhreoh2ha,2,bafyreiazlbicr5rnetwwv45z4e4fbymdhjiiv3bumac244vxqq66gl3e5m,f01163272,2914722,,bafyreidalbejjyffzoq5t6xfxj4pmhtcv42lnjpqaa4v56kfeva4k4bwpi,f01337533,2914722,,bafyreickbforod5h7sfnq6hqhdsstc4aw4jrrllnco4dzu3us6scwbhevy,f0137168,2914722,,bafyreigat4ont47h6ay7s4q27lfiq2cqp6xen2ahefa224pjxv5e3m6vqm,f0143858,2914722,,bafyreibenaxd2vporgfkybj3enluux7b62fsjnkh2tybzfdsf36qmpxes4,f01862564,2914722,,bafyreidhyi5f3xmjifeaquinxp5okpwdixme3bkkattwhny2ytrm6ilaqe,f01862564,2914722,,bafyreidafsa7snkgzx5ixohlhdhy2wm7oxsxj347j3egx3inbf4olleioe,f02032191,2914722,,bafyreibafskrflmy4kbgbc6jlwqw2jmtioa4jpwffq3q5zwyiqvdte6qzq,f02301,2914722,,bafyreidlepz5jsq64tb7g2a7zguppslq3ghkswpotwoi3m6vzv3eqb7buy,f0240185,2914722,,bafyreidfbnarfulh5dsynxjbqcy3uibnlabf5hufj5plfqravlhxnbejli,f03223,2914722,,bafyreiapm6jnueubvk4cfld4iivjtqf4hgehlq3353a7j6hfk4apsymukm,f0717969,2914722,,,,,
8b3453c0-a4dc-4195-937d-659c9ac6b5a7,fil-test010,fil-test010,,17180886010,QmRU9Git25aft7GJpd6PvHoSEqtyRjarVq3Db9UVXTP63T.car,QmRU9Git25aft7GJpd6PvHoSEqtyRjarVq3Db9UVXTP63T.car,,https://download.fogmetalabs.com/ipfs/QmVU2kb2J9bA2MD3PZZXTng9KXBvg9sxAPNuzx4By2HYZp,34091302912,QmRU9Git25aft7GJpd6PvHoSEqtyRjarVq3Db9UVXTP63T,baga6ea4seaqhtx3473h2w23nudok6jhacvajdsril2ng5urptylav6qxotxl4li,2,bafyreiaczk64vump4hihi7mgvnkzgay7fens52oarrcb25n34bnwtgrjv4,f01163272,2914722,,bafyreievc3bn3omp4eyr26ewencxia4u4uj7y2uovucmqhata4hxb7mbf4,f01337533,2914722,,bafyreichna2pex7lmyfy2vkejjrdwjl6vsxfvduidiwjy4qjv7eyoajkaq,f0137168,2914722,,bafyreia5bf6ahfmi5ledwstog3tscolpvuttto3leqveubiv7ni44wo22a,f0143858,2914722,,bafyreie7budoevmczstrhzrvy4s25ks5zzaqlra5tezkvl4ffblidtfwpu,f01862564,2914722,,bafyreifjg5xdqnpfncyfagv5xvjgurogcc2ttbsyyjqkwvj7gmvvhbq5ou,f01862564,2914721,,bafyreia2gozibwlmok2spykppe6qcrpibbpigoty2sgzyvugxf6ciboon4,f02032191,2914722,,bafyreifzht3ttk5zaex4j5653dsx6eh6gs3rnglx2vh2y5zdsclcs2xqoe,f02301,2914722,,bafyreicibajq4bhtxtnamaup4dtbvqpn3nv5tilrt5ygkfndhezuqzxnta,f0240185,2914722,,bafyreib7clytctn646bkbwzp7noubnajyjr5ni344yjmxx7xm4ydb5ndp4,f03223,2914722,,bafyreihkph2t423lsesz4c6gfkz73nmrdtjlr7r3sjossw47d2ugl3efla,f0717969,2914722,,,,,
fada9b39-695e-4f3b-a8e1-f06d2372c626,fil-test010,fil-test010,,17180886010,Qmf5ME34BfYrk312oGpFeYRxkZy6WpRpF5VymJ6PbfhXwd.car,Qmf5ME34BfYrk312oGpFeYRxkZy6WpRpF5VymJ6PbfhXwd.car,,https://download.fogmetalabs.com/ipfs/QmNxkBMDTg8iixr3nhX8Mw9zmtrQ3GAcDzbuJwKJ9HasMt,34091302912,Qmf5ME34BfYrk312oGpFeYRxkZy6WpRpF5VymJ6PbfhXwd,baga6ea4seaqlbdg5mqq7te7p5lmsjpyoncxdsf4d44er3rgozfpdrdrskkkh6pa,2,bafyreidplus5vt7vghmutvbtve2pfjandnjoq7vdtoxxzf4ochswi2rg5e,f01163272,2914722,,bafyreibhlxutx7aosfkpc2ovma55lxg5ostw2khqdbiztf4ozwggekgp3m,f01337533,2914722,,bafyreibr3cetpejpbgn6cwci3qho6soomadk3eddtdfv5mcwakxd2xh5ue,f0137168,2914722,,bafyreigw2excse5ihrgr2lhp42m6bqlwylymgtjhpaxh7n35i4jj3vsvh4,f0143858,2914722,,bafyreicplnqz4gihd3lb6xzlwhqw4hyhhjrpj2qhnxraalm3gadv6yuhdm,f01862564,2914722,,bafyreichno5ho5b3adw3zwlsfigy2ovlygjyhq2ncwq7jrclgint63c5dm,f02032191,2914722,,bafyreiexsfvit77ehpc4wjciecp55jah3ro37ppwcl3ka4hzqs3mdwhnqq,f02301,2914722,,bafyreibnrxw7gsfhc6uiacearrpjftgmrscvs75rr7pmhgzpsr2w3zkeju,f0240185,2914722,,bafyreic5zt35mno4ku4l5ikjju5g34iqbg3gdrhbvzr4pcrjlgqcnk2oye,f03223,2914722,,bafyreievgzlmze2pf6myy6zdvz6ezccmckb6voacjcbzjmvugnk7zav4jm,f0717969,2914722,,,,,,,,,
31bcb192-f88f-4a4d-8a83-ad51e7ed8f37,fil-test010,fil-test010,,17180886010,QmdYgT3P7AiRrhBvrEDt7CdujBgocBYCoaSMDjaHqvygju.car,QmdYgT3P7AiRrhBvrEDt7CdujBgocBYCoaSMDjaHqvygju.car,,https://download.fogmetalabs.com/ipfs/Qme5AtKfjy8YchQZhHdcaYs8QQHM8fZKpu2z4sfY5Q5Qkn,34091302912,QmdYgT3P7AiRrhBvrEDt7CdujBgocBYCoaSMDjaHqvygju,baga6ea4seaqcryxylhs6jeqh7pfczkg3pbttohazqip5chbjt2723bqw6q5ompq,2,bafyreid5tlkhf72zq7vcljx6vke2y2zbaetg6kvwu34odyl2euphcbfsr4,f01163272,2914722,,bafyreiauzsseijh2dnrg23zfczptg742fx4mcounqbseneuc3sl6mqkhbm,f01337533,2914722,,bafyreihthcabzyzzo7uh3vomjvmro3uyp3pwnhyr67pgwf6r4lmnufnpdu,f0137168,2914722,,bafyreihvrbjxmi3c2muvsmulxxtgmuqo42uc3gft2ydwpa5rh4chd6udzm,f0143858,2914722,,bafyreib7gnpanc5uomd6goqchc4dqhwyc47htwnifuwepoqyteigvtlycu,f01862564,2914722,,bafyreie7teny26canzsi5eshna7enzxuacm6j3b3ug65y5wx2prfwtwpui,f01862564,2914722,,bafyreif5aiabteyzvg65jrgyznuw7hlrf7y4btmraokn7en67yeqa2c2y4,f02032191,2914722,,bafyreia2mbcyoc44yng6hqd47sczfd6vkhsshhfmulysg47ga7u6aa4hxu,f02301,2914722,,bafyreicfadabegf7lfexe52w3rr4xzhapo23g3seqjxmnlakvkvxnt3zmi,f0240185,2914722,,bafyreihx4jb4zqktatyusalb646fmnahzljw3ycu5rcjxjuekgq4gcy6ha,f03223,2914722,,bafyreiadz7da622llqhy5tws35ktrbz3z4r3kvou2vhykdiqtyjfq45lki,f0717969,2914722,,,,,
1fc52cc2-3789-452f-8925-4fd7bd1d8741,fil-test010,fil-test010,,17180886010,QmR32pjEWQjs55zvpxtp7prUWZPTbcukxDZ1cPX5JRPK45.car,QmR32pjEWQjs55zvpxtp7prUWZPTbcukxDZ1cPX5JRPK45.car,,https://download.fogmetalabs.com/ipfs/QmccDfSErgxyEFVTsdsSVsKbfEC7xfUTSzuf9scn5PeJtq,34091302912,QmR32pjEWQjs55zvpxtp7prUWZPTbcukxDZ1cPX5JRPK45,baga6ea4seaqbjpv3nurzsu6br742uwyrfhw7ofzbmkfn6sr5cjtblnpri433ofa,2,bafyreigenyh25eff6rfcadtiofbmb4li6udfwyt3uqffdzfc6eajo63glq,f01163272,2914722,,bafyreicy4wfbbuwsvgyxdd3w4zdrsj2w6ndx6vj7l4uvsjkytpaav5kjbu,f01337533,2914722,,bafyreicj2cnhb4xwlctbf5dsg2pkxwogv5xdfziln4vmxxmylomunbtxo4,f0137168,2914722,,bafyreib7cjvpipi3jslljqlcqvdc3r4yqt367kgapxrem75ttxy5hfl5vi,f01862564,2914722,,bafyreigx6t6nn3dd2lhc7ozluecjmdmckleqv6o3kmm2yy4roryrdz6rnq,f02032191,2914722,,bafyreibtngq2w3dypsfzlqfak5e72hmw67ek7m6mklc5gwnk3pwpk5bs4a,f02301,2914722,,bafyreid6tr2pcy7vwrrij7dgjfiyjrtgtgtdbar2csoip7woofjpn5ybti,f0240185,2914722,,bafyreiec5d7nmm3kiwwmqm6gksjo3hyzbmk7caqloibhlafcw66hkxekwa,f03223,2914722,,bafyreickmmkz3efwrq7suvg7zbxn26rqli7u2bc6nxc3qn5s7g2dtpduoa,f0717969,2914722,,,,,,,,,,,,,
d5f26f33-e0ad-4a4a-be9e-4993f3c1689d,fil-test010,fil-test010,,17180886010,QmbG7fmBfdfZeejZocjk39Sc7jRRKRt7Q9pgDw2XdhmLT1.car,QmbG7fmBfdfZeejZocjk39Sc7jRRKRt7Q9pgDw2XdhmLT1.car,,https://download.fogmetalabs.com/ipfs/Qmf1QvqHb7XB4QiiFvvmQ6whrXKbWZtKa2hup3xondjxzB,34091302912,QmbG7fmBfdfZeejZocjk39Sc7jRRKRt7Q9pgDw2XdhmLT1,baga6ea4seaqlf6tjlwvd4hu4llhnhcw6kdf6tpxedkkjgsss3afc5ixxxsulmea,2,bafyreifc6c7prxxzfdwjevodhsd2kso3mcyhjveygi3rkqyajrqxbytyie,f01163272,2914722,,bafyreiez76nq5nbq22xae2nqinmy6hr5gmw6dhddeh7qvndwrgavzvmr34,f01337533,2914722,,bafyreifjh72mfqmyu64gs7gmm7eiq6yevdde424yioyhjoxa3srfunxfq4,f0137168,2914722,,bafyreieglwysd227ymi2weacaze2d3py25jh2qgbdgnzbyvbefggigf5xy,f0143858,2914722,,bafyreifnhbruf5osmodyoxjelmxjjcdkdomxmwjx7ts5zkwwnzfzl2l5ry,f01862564,2914721,,bafyreignulbusqlbelgbxyib6xi2xi6uixiwhf5fcivvloecyzricxfdne,f01862564,2914722,,bafyreic3a3ad2bvchrvnqvbdfxwxgbhmimleeuxf4uraa3qgyvebns6dqq,f02032191,2914722,,bafyreif65myeargpwr25ypn5z5tueapzw6iflkf2yh77hoztjzfi3v7m6i,f02301,2914722,,bafyreia7uv2wbtjagqtqxfm577b4t5mkfbbwyx74uor4tvhdhlumiehzsq,f0240185,2914722,,bafyreibipbz2fsggv3jbndiixvch4w4jke7xgl7zdrmi3h7aja7x5jp7sq,f03223,2914722,,bafyreiavno6qvtzxjlhysmielh3mkumonwmmogccu64ty3ymjomolpev4a,f0717969,2914722,,,,,
ad81c43d-3593-4855-ae1f-bbd7c6a2cf81,fil-test010,fil-test010,,17180886010,QmQcuiE6gBHDC8PBe2DpPmTjxyRP33MPbfutMDoJyGiXph.car,QmQcuiE6gBHDC8PBe2DpPmTjxyRP33MPbfutMDoJyGiXph.car,,https://download.fogmetalabs.com/ipfs/QmaQmBpDzKMC8TVTaesfjd7aUJGuSZU4ofdsjAPVwuzqv6,34091302912,QmQcuiE6gBHDC8PBe2DpPmTjxyRP33MPbfutMDoJyGiXph,baga6ea4seaqp7bgbdguf7l4wnry7gccyyfex6mhrbioccalqueme4megrmalapy,2,bafyreihbvo4rb7e6i73mcb63g5pxr7olxdqoka62w3cn5woboljf7owe4a,f01163272,2914722,,bafyreigv66oigsdx452vwgk47pirdbnwgnts3jv7hs3degsdvd3lrfnode,f01337533,2914722,,bafyreihiz3vudu4wsnybt57w3df5dmydmipdkfgoe4zrw6dn67lwsr6oxe,f0137168,2914722,,bafyreibkxig65oyqzqixd6o3qymuyr2rktbcpinhlau4nijwff26smqliy,f0143858,2914722,,bafyreibiwdgd4zm75yhbetzwnsueh5xleicrhnyuujj5vckowqi2nmrxry,f01862564,2914722,,bafyreieo3h6fpwnxekhs6pmuqqr5pfqpxxzmtts2p733flygpvdv7jrii4,f02032191,2914722,,bafyreidgsj4wrros2gomh3kxi3lgipoukvzbwl6px726bljudf2xiup23a,f02301,2914722,,bafyreiaqwsl7ghldpyzbx5tnaia5dmsdepj2op6dmf7jmvqmjjj4cpmvpq,f0240185,2914722,,bafyreibujtse67vpeploazv3igrc5evito3oscrthvjqzqdv4x6eq45u4u,f03223,2914722,,bafyreiberapjdweq7ezrphmop6ubf7ki3twy2ucjcyzqe547ftkwmop7bq,f0717969,2914722,,,,,,,,,
9b24fca6-fc54-49c0-88bc-9df6b4b47dd1,fil-test010,fil-test010,,17180886010,QmPwDuRvJKykcRXL3bX9osnKgeFU57gw3Q8e4yn59wY3of.car,QmPwDuRvJKykcRXL3bX9osnKgeFU57gw3Q8e4yn59wY3of.car,,https://download.fogmetalabs.com/ipfs/QmZJwiH9vnZ3AT26DUiCZSu7Hfx3vEtyjUroSPGhu92kFS,34091302912,QmPwDuRvJKykcRXL3bX9osnKgeFU57gw3Q8e4yn59wY3of,baga6ea4seaqeusacqebg32ugrlpd6njx32yp5ggc5zciuuoi2ymlk3xjikt72gy,2,bafyreiadtnneuhnlmckuqqbhx5kcgarkudz36chtierfqkad66fjoeozfq,f01163272,2914722,,bafyreicfftbvkjsn6ylsadc3siqctexn4p7poblp2koppkn5yxay3axnum,f01337533,2914722,,bafyreie7rudcmfvhlxmndm6vti6w6qvhwz44g3ebjtait574gbiqs2efo4,f0137168,2914722,,bafyreidwndtz5zrqtujx2nw6gd4uwpvquv4gnnixue3tkonoxsznbqlvjq,f0143858,2914722,,bafyreiaem7ced4awzqndlmgfzn5gp2crvwh4b3mj7iryy4tgsg4c5tnuxy,f01862564,2914722,,bafyreighiz6g4mgakssgxuby6h5k6snykzs22yrukrcg6skavo2qy3i6li,f02032191,2914722,,bafyreifyhrvt2uworo6k7yhx2uw2sevb54uyqdrcsmissr3xjcmdblgyqm,f02301,2914722,,bafyreih52xgnkk2gn7arldvrpbxkq7ve3isjreqozj62hszn6obzz5hkmq,f0240185,2914722,,bafyreial4kmmghtx4wma7sttlo3l4sq7msggonvqt3e5u3a34zpveq7ojm,f03223,2914722,,bafyreifca5lpm64admrut3nn3gev62tjo76ixncrqzalqwwq2qouqfcwce,f0717969,2914722,,,,,,,,,
c9d2225a-b5f4-4039-b346-4832becc799b,fil-test010,fil-test010,,17180886010,QmWB8TRjhyToApXLZb37CFk66oUAGrpJeKL3W5dm8pBWkH.car,QmWB8TRjhyToApXLZb37CFk66oUAGrpJeKL3W5dm8pBWkH.car,,https://download.fogmetalabs.com/ipfs/QmcNbBjCowKBbCiTWghYJHvAC3AnzyrwJem2CcQCpEL29q,34091302912,QmWB8TRjhyToApXLZb37CFk66oUAGrpJeKL3W5dm8pBWkH,baga6ea4seaqdqcfedmj6vnmy55cabtdmz5py4pf6jpx3ogmhyoeu5al25zzdmfq,2,bafyreigb2yepliuyvlugbrl5c4fronofpsbersict7m6oyc6zl5jrkvtmy,f01163272,2914722,,bafyreietwi5q23vpfgoqxuwpkmtulpx6fa3y42fxesiscvxyvxcltn2gra,f01337533,2914722,,bafyreicu724infu6sjnbic7ynzsbfmewm3br4k6otbm3h4hsfuhgxbya5i,f0137168,2914722,,bafyreievevlg7n3dbyd3m36ltx6vm7j6uflnfw2i7bd5ktweihodiuf67a,f0143858,2914722,,bafyreib3guizks62t6a54yynzeuoy6hlej5w2qisqc4xfya3q4vpw4253q,f01862564,2914722,,bafyreigqaonoi7f3b6yhy7r7mkguykjxclb2aacnf36pzlbkbsd7amtzvi,f01862564,2914721,,bafyreicejhzss643o4wphjcqancfo7obtn2hb4ea3f4zuvpwldyawptlqq,f02032191,2914722,,bafyreie7lxgn4lxfhw3gerkt4v6ky24mc5errlxp5263tcs2z3pnyfybju,f02301,2914722,,bafyreiey6ckauytoiiftrlyvnm25qg45t4jmz7o7y7llwm6h5pgjdgugb4,f0240185,2914722,,bafyreif6dz3sn3gwwtwnar54kjx2v5ejxfbvmeoqk23lacp5kxg5uzgzgi,f03223,2914722,,bafyreiec25vshtoqy47x3tbxedos2huzby2z4han4lxd4x4c25oeklyaxu,f0717969,2914722,,,,,
8133dcb6-2385-4c92-ac1e-1e8152a8dab2,fil-test010,fil-test010,,17180886010,QmWuzucxxwa6H3BZuBR4Cbh1GCbDGggHzREZ2qgKFdN8y1.car,QmWuzucxxwa6H3BZuBR4Cbh1GCbDGggHzREZ2qgKFdN8y1.car,,https://download.fogmetalabs.com/ipfs/QmatxFiZjHqoa43gJUQvqsdpdji6iDx8RujuRQpDaYy8Rm,34091302912,QmWuzucxxwa6H3BZuBR4Cbh1GCbDGggHzREZ2qgKFdN8y1,baga6ea4seaqk5ea7y4zwqcn3mz4dkeuwtxlqsefqpjpdb42kgz62zpchzqkokhi,2,bafyreigtc3teypqlvh75gkdhm32gieemukzhn2bmltud66utfwfgodehk4,f01163272,2914722,,bafyreia4qx26qv6ly3bnhwclp6fehiseaj3vpoyj2vol6vayvnwse24in4,f01337533,2914722,,bafyreigqvrrzvg24jkf32f57o7afadavghxmlwq5vi5jigyb2hq7mpeyvy,f0137168,2914722,,bafyreifrfafszkdqibsn5pxeft3nw5tzhkiboiv3lityp3dobg3naomv7u,f0143858,2914722,,bafyreicm4qpwu27yl7ri4wuekvyscri6snatwtwu6netahbnnxshhysd3a,f01862564,2914722,,bafyreiehixdyr4exj6eay5xk3vtbgqji6h6ahfhj5zx6urpab3gx765jfa,f01862564,2914721,,bafyreibquzcqnaxh26noddqbsvtz4p6oe4utotr34gml7m6drpi5x3cjgm,f02032191,2914722,,bafyreidwskjdcwp4hl6ct72c4dep465psbt2rxs67h57sbg2hcnh462gaa,f02301,2914722,,bafyreielsoqovk7pyuufdeh7azvh5hohzn2cyy47lvqpstvb6t52hc6f3e,f0240185,2914722,,bafyreigvhxivwtgave32byxjz75smih4d6yqu7alr4h5gzyyr2qrmjkh6y,f03223,2914722,,bafyreidez7kmkwin3c2hewivmch353f7cu5m76a6ojcf2wur7a4xwbrkce,f0717969,2914722,,,,,
1ebfb96d-a3d0-4f7f-9713-3b63051d7fe0,fil-test010,fil-test010,,17180886010,QmU83dzFaBNFAqyfvArLMfYZQmhwNwQMSbhm5znF2ubMLp.car,QmU83dzFaBNFAqyfvArLMfYZQmhwNwQMSbhm5znF2ubMLp.car,,https://download.fogmetalabs.com/ipfs/QmPRUrQYUD2c87zWT9ov7SKB8azKPufCxgPhj2U5FFvC1R,34091302912,QmU83dzFaBNFAqyfvArLMfYZQmhwNwQMSbhm5znF2ubMLp,baga6ea4seaqgwvmwncbarbfg2nt5t2zj3xsysfgx3owrhtjeinz5zd4mwxqqseq,2,bafyreibntr6rhhyjwtxv2h4mzs5tnejr6jkrfut6btxferu7ysamo4pg5u,f01163272,2914722,,bafyreihdbb5wtrkjkix2ai4jilxvmqwbznvtt4evzavfxvzvwpt4gmj4cu,f01337533,2914722,,bafyreib75uk6nwcevb33n7nwk5qpytvuukbdmvdiwo4evx57m24ejpztbi,f0137168,2914722,,bafyreigc4e6gvsqzqpeoqp5ogck3yvvpzhwid4ipru63dbcldcpgdgcjby,f0143858,2914722,,bafyreiaxuc6taebwsdj7xrwbnmpdlvpxguziofg7spsrqkrkxq7a73fvbi,f01862564,2914722,,bafyreifmi7vmztd5do7674drdfj6j46prpxari7nunutwj4fl5dytwpjt4,f01862564,2914721,,bafyreib2uufamacod5s7s4lva7rcmijci2cdaiug5mxuo35u23hjvp7cvu,f02032191,2914722,,bafyreiaf3zkaxgv7ek4jg276233xjmwj53y75nzjzxd6baee7ymwc7u7zi,f02301,2914722,,bafyreiexhaaybgelp7z54tfkwdmpdipv4sz44fvilfsd3qor2ckmewq4da,f0240185,2914722,,bafyreidqbjywcqwqbjqdjm6xadoshiczlmn5x53nh46mmhhfsinbaeqvua,f0717969,2914722,,,,,,,,,
3b4f604b-9706-4a11-abf5-416268436366,fil-test010,fil-test010,,17180886010,QmSADxLFXkGBegbikpM6SCFATcSQ2uG3cN2AUGR6ZRp7gP.car,QmSADxLFXkGBegbikpM6SCFATcSQ2uG3cN2AUGR6ZRp7gP.car,,https://download.fogmetalabs.com/ipfs/QmQepthx8h8btBxz2UAE51PDPBqmwb2W9mBBfgNsgmCZjp,34091302912,QmSADxLFXkGBegbikpM6SCFATcSQ2uG3cN2AUGR6ZRp7gP,baga6ea4seaqd43d7fqk7orelbukgbj2iiljcrb2dg2hdlq4yhjqkvnr7x3f4gky,2,bafyreiab6x2lsyezfsxo4qw3ots7issequvkdnrhsntwb7uorusty47miu,f01163272,2914722,,bafyreic2t7vyp4lh7ldc3hjd5d2gjtxz7hty7ak5g7dbhnekuad23dcu7q,f01337533,2914722,,bafyreifcuukzbcjazeougkl7qrjjirzy5evd5ce67vw4v5r64e63b2us6y,f0137168,2914722,,bafyreihsyujvvrd6e7qh7mym5rehkpd7p4tw7rv6f22eolcckx3hpdphye,f0143858,2914722,,bafyreiamvg67cnsg3zfnkpfhd3hk5xx4cswz75xpchvsalz467m6q25hlq,f01862564,2914722,,bafyreibtahayq62mvcg3bol5b6w6rbevc4km3nb64akpcvvulup3ddhz2q,f01862564,2914722,,bafyreihsqvunudwgolhtelq3sghcn2ryvrdhlyub6ywfbdyzmcapnfk6ku,f02032191,2914722,,bafyreibeauqncmdllqt3l2cdpyvjvs6xewljee64q5lbn6rgiojtck6lkm,f02301,2914722,,bafyreidyskc5wvvl5peojks6377i2jks4hacqw4tpdwg6l3kgydo43lfuq,f0240185,2914722,,bafyreihbn7cih7vdcxbb36wbadhapqbtkdbj3hosl2faekcev6epcy7vde,f03223,2914722,,bafyreia4b24ehzvxaef3y4svhspri3enchtoox3lr2stt7jdyeufe5z6lu,f0717969,2914722,,,,,
dce4e024-315e-480d-af80-77e958a05d1f,fil-test010,fil-test010,,17180886010,QmfFHNW7JqmKFFkuxqu3ttKHiDarYjyPxWkRb7wmpbAWKf.car,QmfFHNW7JqmKFFkuxqu3ttKHiDarYjyPxWkRb7wmpbAWKf.car,,https://download.fogmetalabs.com/ipfs/QmQrDQY8t18rnvjiZ9QrUBzYBSNNAr1n1QAKrRXgYxaDGf,34091302912,QmfFHNW7JqmKFFkuxqu3ttKHiDarYjyPxWkRb7wmpbAWKf,baga6ea4seaqllj2jgjtabyj67rldnyfku3e3opiyozdu25svtbjekbbvxjrgamq,2,bafyreifno27a7qhwjga53dbpfomnjemg4gqb5pmh4fci3r2ne3own2ahha,f01163272,2914722,,bafyreihb3xqm65kupmqfr57bk32is2aiuvnfvmxu6w7bgx3esskshrnw7u,f01337533,2914722,,bafyreieig3yfkbsfxtuhvp7a5qsr3xyovtg3sdao6a7gjotmjymrt5eywm,f0137168,2914722,,bafyreid763tz73f3a6ptpryeqwlvpqisqofh4dgqhjn74oudt6ncjkflga,f0143858,2914722,,bafyreiaryn5h7awtdd4zds3py5purtloovtc4nlilxsltyasw2bl4l4cvu,f01862564,2914721,,bafyreibtq666idcerx37zhsdnwg77qaiyptf6yprwwzmaafcqygdray4pi,f01862564,2914722,,bafyreiho4tmjsxdowabvjirboydhzxwfrfxlfsjkznnnizqzxuxahwoipm,f02032191,2914722,,bafyreib6fzexhxiys2qqf3bta52vt2kmtajfhrnbnmdicxjnjrvl7o3qo4,f02301,2914722,,bafyreic2imkt6ivudsr2sflzqebq3cxcotxnu4tvyaqsq45ovgdvbqwjki,f0240185,2914722,,bafyreie4wf577jexdchss7i3liysorx6n5iyio2mltz7zmu24ucvuh6qte,f03223,2914722,,bafyreictu3ectuxknii3m6vwzgdwyt5uc7qpczmcztlh63buib7bej2n3y,f0717969,2914722,,,,,
03cb195c-6cf7-408a-9892-cfb86eacbfc1,fil-test010,fil-test010,,17180886010,QmYSvU3oWFD8WyYaCqfmgJ4oZXFzYbxV9y5m3PBgLAJht6.car,QmYSvU3oWFD8WyYaCqfmgJ4oZXFzYbxV9y5m3PBgLAJht6.car,,https://download.fogmetalabs.com/ipfs/QmZjd21ThEeSZ5CT9W7gYSJdMLTtevvLkKyjNEXA69e9Yg,34091302912,QmYSvU3oWFD8WyYaCqfmgJ4oZXFzYbxV9y5m3PBgLAJht6,baga6ea4seaqbuj6kw6t3y3ifxuq4uq2qujzeqgvpgemxmdgjeyxim35eg2g3ghq,2,bafyreihkuyoyfajlmsr6zhpn6jbyob6tt7dp2c7bkqkj2qrphnbdzi4k4a,f01163272,2914722,,bafyreihy72lssek4g56eop4leawmno66ydbsmfikijmnaqon64wbhfc4wy,f01337533,2914722,,bafyreia5chd2u5npvs3qiktcjx4b3mhtjcoujdsgko7k4u3ie3mmgytday,f0137168,2914722,,bafyreidkv72qnxq4e5sda67k53spc4te27bbkqg3rmtxdatxd2btkioxwu,f0143858,2914722,,bafyreiebelh7wz4spa4jrbol5mnsupouvfgpadqzgbd7oz3lpsk3ed3gdu,f01862564,2914721,,bafyreif4sqvzuinu6v7vbihn2t7nlutcfpaq6xlnrbqx5znlspluou7dv4,f01862564,2914722,,bafyreiezr3dzgnmokwkd4wsdqpe2vkks3bbhtmp57sbdux5kawhstooyda,f02032191,2914722,,bafyreif7jytebtq7nt3ycoqdjwobvt4tbsimhtuq5whm6526e3oqecegqu,f02301,2914722,,bafyreie52yeh4sd2ollmtyhxmidjwbxzpid2eq7dknu7zuk7uvs2sv3oly,f0240185,2914722,,bafyreiewg6p7hri3aihh7iqxpbgwgtvbw2vbdjwcyma2dmfofktsivv46y,f03223,2914722,,bafyreib5jzetghqbdc4lodbvezsmtkqueazd7hgi6f7jnnf4jypznhrxi4,f0717969,2914722,,,,,
728a9bd3-8373-4d5a-90b6-8f3f41d3fc50,fil-test010,fil-test010,,17180886010,QmUiRZpnZt7K3S9LSJvhNjwNodEdVTQYJs1wfsPtAGNY3b.car,QmUiRZpnZt7K3S9LSJvhNjwNodEdVTQYJs1wfsPtAGNY3b.car,,https://download.fogmetalabs.com/ipfs/QmTZYYbWwoeX2znUfdQ4xZNQbxYZe7xQoCBRsyGvgLXFca,34091302912,QmUiRZpnZt7K3S9LSJvhNjwNodEdVTQYJs1wfsPtAGNY3b,baga6ea4seaqpu47diq4qfiiwratxu2ffxm7u7oihppizd7jimlmunelr5lbvwky,2,bafyreiefpntjhhymlqpvbgslujcgngz3mzzkozv4cs5mt65bir3c44n5y4,f01163272,2914722,,bafyreihcs7wzxavgmcxmm6w3rybpbo6hdcn3g4uxjjdiqzjxy2z4z7juse,f01337533,2914722,,bafyreigsqvqewgvzg5e5vm2wpzzyex5t5lcfrzqdoq7cuwtx3harvdojua,f0137168,2914722,,bafyreiazyh3dpiomvly5bxv2se4jbhpany4dbj3i6lwjpe7grq3rl2pc6m,f0143858,2914722,,bafyreierjvb7qoljqsrijkdhavqomkvch6t6lxfufwlqow32pyhz5qetam,f01862564,2914722,,bafyreihxpeuolwbadmyldvn6kwzzt3b4tlkxneticqanrjqpqs2jua5khm,f01862564,2914721,,bafyreiamyap2znieqcii6r4srf4xv5iesjeniawjnvrr6gpogipghhioqq,f02032191,2914722,,bafyreiflgloo26ljshe3fx5deblk6zmf66ypjttj7biakwbq4oiudztw64,f02301,2914722,,bafyreig4atpb6wiiusiz6t6a73zfw22fy6y4eaj24fmivemkmwdjly4rti,f0240185,2914722,,bafyreid4ows4brdsm5hp6gruscusi25b3upwrweoanrn6wprqmqv4i5pde,f03223,2914722,,bafyreie64emfiaowpexrsxkrxvciouajvaqyutp63naazsl66tysj3kkem,f0717969,2914722,,,,,
ddbe3368-defe-435d-af8d-7cf62da75598,fil-test010,fil-test010,,17180886010,QmTakutsXAEqDTLKkjdqAmMZ5QzVgxutoS4keDKpUdUYp1.car,QmTakutsXAEqDTLKkjdqAmMZ5QzVgxutoS4keDKpUdUYp1.car,,https://download.fogmetalabs.com/ipfs/Qmcy7K2QHkeHkrvkNJierkpGuow9dDvSAKNaJkJzmTTijT,34091302912,QmTakutsXAEqDTLKkjdqAmMZ5QzVgxutoS4keDKpUdUYp1,baga6ea4seaqlz3tixxwmh3bfrfrc5s5yyy2cc6nuwddzsej4lqpjzs3svggcogy,2,bafyreigskn53n5fdesi46iryibh7qfmcxzoao5gfgaysyxue5rnvmgpidi,f01163272,2914722,,bafyreigze6x2adwk2wzdb7kfswc5tynqlcibui2le2ukpgjwexkxab5ypy,f01337533,2914722,,bafyreibad7nuiyyvznvekz6pv3bfuuz6tb2ckfoi4fzqgwlgeqompzvk5q,f0137168,2914722,,bafyreigcxme7jkozoejmta2pwuo5fgrh64ld2436r2bmp2dqxumr2qxunq,f0143858,2914722,,bafyreicmn2j6bx55vodigzsoz4osrok3xmo67nmhbyvjdccr6awcuzvahi,f01862564,2914722,,bafyreiddh75dzmuwovfbptdjuspbhq4wb7pvgfzxozya4kfg2vdqgwzkp4,f01862564,2914721,,bafyreidfvqeoct2p4kgvx6icdce6nrhcnpaoq2fzunqhfb2ppvyqh6abfy,f02032191,2914722,,bafyreicemvfjg6ycm6owq2vjeyssmy35a5lmgeeajopjs7p7tnayfrvhcq,f02301,2914722,,bafyreidnvytatn3pkyyjnvjh2xmp65dfws5rm5xxn23atgmf4umjxspdoa,f0240185,2914722,,bafyreibgbfe52cnvyvfyz3y3j5vbkbl5wkrw4bwbe2yekcpe3rrtv6kvai,f03223,2914722,,bafyreibjw2pzaggayfmmxhkwxohpo2i3dhudjnhnsptsdbiyt5vxxrfpum,f0717969,2914722,,,,,
ac73e97e-b1a4-4dd2-81e1-60079724cce6,fil-test010,fil-test010,,17180886010,QmUs5G6jpGcDtQKHAKzkPT3M61nMRqYBRyzHNbNu5Eb9eE.car,QmUs5G6jpGcDtQKHAKzkPT3M61nMRqYBRyzHNbNu5Eb9eE.car,,https://download.fogmetalabs.com/ipfs/QmcsnxNwPZjspcsCqxGXWqZQakxGhvk8KHcVAHz1WxQ2sH,34091302912,QmUs5G6jpGcDtQKHAKzkPT3M61nMRqYBRyzHNbNu5Eb9eE,baga6ea4seaqatpt7icymjahuvopswzbfmq7sxfjbxvpxqu3sjc7goxbpjsigomq,2,bafyreibftzricgsec35snoggjo5oqzrl524m63wcmtsy5tsmoxzridq7dy,f01163272,2914722,,bafyreigti6u2xo2dstnzwx6ppkha2lmez2surozeieyef3o27vnkh4txja,f01337533,2914722,,bafyreifpqstyq6b55cxx7q7bn3xogocsnca26z7ts7odb5ndg4emqfe2nq,f0137168,2914722,,bafyreifrqxhcypl4yg7hhotopytzg43g2mraocv4la4wg7e2tnexlftb6a,f0143858,2914722,,bafyreibzy47ovhgt3myl3s7tsioziuzuprxg6pmwb7xev33qbbw6rn2fte,f01862564,2914722,,bafyreidu4rmw27zj7qgp7blaaxj4as7ffdpyonsukzkksbmgotwdwudaqy,f01862564,2914721,,bafyreie3ded7q5jp2ngn4zxc75pjdtr4bz67yir7cl76mh3wxiuuklg25y,f02032191,2914722,,bafyreieqasirsun34z4nljxiabyus6c4zf5exau4lekp2ruafc6xfnimlu,f02301,2914722,,bafyreif4uek3fq7ywmm7qvl2ltic2btfd4hk4gmqclzj76xn44wr3jxiae,f0240185,2914722,,bafyreibj3gq5hrite36yozzdjviwbkl5wyqqm4j2an7zbisl6u2glue5vi,f03223,2914722,,bafyreiehrhp24qrlolrct5uwltjnx423pwek6q6rx6xljolvgrca2xtpcm,f0717969,2914722,,,,,
c5ba0139-baa8-4d9a-acd8-01fd7e9ccb1b,fil-test010,fil-test010,,17180886010,QmSQrvyBcCuoXmRNAPosF9qC9uFZYZUDcFozjZZthfUhxz.car,QmSQrvyBcCuoXmRNAPosF9qC9uFZYZUDcFozjZZthfUhxz.car,,https://download.fogmetalabs.com/ipfs/QmRn4yXcDhXgcBkWC4FxZeXDmk8Fye7Jt6BjeREaPzV1zF,34091302912,QmSQrvyBcCuoXmRNAPosF9qC9uFZYZUDcFozjZZthfUhxz,baga6ea4seaqgoluwlkrjqnwb7rcmck77hpkdnwznnyatebcculckfnkvponggoy,2,bafyreidprlcgkiitsumumiefwmuz73gtcr224prkhqhl2z5mqh7wwrvznu,f01163272,2914722,,bafyreigcwes4hxwng2p5gqv6pttdzqxwxho35wtjcgilcx6gr5v7apxgua,f01337533,2914722,,bafyreifci5hobbyzhr7xbedyy644dbq2hqbxgl6fut2hy277kp6nqv2g24,f0137168,2914722,,bafyreidmwugtwahk3j3wu3idsqwkxm5oiiejqefs5ovswt3bxnndqrumaa,f01862564,2914722,,bafyreihohwfeindwey6sykkwc52ktfoldsdfxarbr5e5srftf7xesdm7jm,f01862564,2914722,,bafyreif3mc5ii3xjwtbg33elbpxwyyuujx5fyhni6dh2hq56m3shuxnuby,f02032191,2914722,,bafyreia66rhj5xo2n6shhtirwtqlistrf2kvooho4tjxptub7klj4ndlpi,f02301,2914722,,bafyreieo4xwt6ntvswd2cyldtbeczyxrdoxjcu64kl3pcl7k6lv22ckmc4,f0240185,2914722,,bafyreibzozrzvnwubnqohxx2xr5pidit6kyzb7brtreihuh4tjxp36kxle,f03223,2914722,,bafyreidt6tpg55vjgyplkyscvekfmrwbw45vifx4abuzw2riphjqymjumu,f0717969,2914722,,,,,,,,,
9637fceb-cf6e-4258-af4d-4a7bee74242c,fil-test010,fil-test010,,17180886010,QmPTTj5fYVxFNANrEcYJtDJ8J3oAyJVK9c4mrFRNVf2ehK.car,QmPTTj5fYVxFNANrEcYJtDJ8J3oAyJVK9c4mrFRNVf2ehK.car,,https://download.fogmetalabs.com/ipfs/QmPjPKuhnMiuF8QPDuNmDgP2gD6qoUKhk4k7z4iXMcMMC7,34091302912,QmPTTj5fYVxFNANrEcYJtDJ8J3oAyJVK9c4mrFRNVf2ehK,baga6ea4seaqj4js7dutoagwxhhf536c4ijyyjtku6kulvsfr2ei5azytpgzhmfi,2,bafyreihj3ppcfz2r7jxnijyah7k7ob4sd6n6cqhp7dgrz5gtkpt7b64ree,f01163272,2914722,,bafyreib27wqcxywdjrrq2qmfw7aa7n56qqlnvfbmvvy4do5ch76uluuvda,f01337533,2914722,,bafyreiagr6fxuqfu6vrrlxn4tzn7s65zp6sma3llrxmejwsxsnwe5lqsru,f0137168,2914722,,bafyreic2usz32ejuuhfjknlqxspbmyp5gid33wcvfoc53d3iyxj2eg4msi,f0143858,2914722,,bafyreibzcqbbplpl6jg67gvgz64c27bijzmzi6fbnzbig6ro57uvbihtga,f01862564,2914722,,bafyreicbw65urjypfspprwpb7cftxbf4pqmrkxx3qoastj6wm5gzqcea44,f02032191,2914722,,bafyreigwfz2lt6dn4mlfgxiur7av35vwjywdfuxzqkwpi3hrfyzck6dshm,f02301,2914722,,bafyreicuaceg2vrrpyqeydulfrafr6pwdlrnxgnhr5y6f3ubqbmqtfs5n4,f0240185,2914722,,bafyreiemo62nzbdrlywb76o6rsqbkc4wgogdoanipqv5lfgoonp6jqx5vq,f0717969,2914722,,,,,,,,,,,,,
32c60717-4451-4acb-9268-a9f42b85d3ed,fil-test010,fil-test010,,17180886010,QmYAqNoUdEWUXZUSX8NmUQU9J3oran2i61GNVvAVgEhWAv.car,QmYAqNoUdEWUXZUSX8NmUQU9J3oran2i61GNVvAVgEhWAv.car,,https://download.fogmetalabs.com/ipfs/Qma3NiDx8xoRfGvj5NNBkzEpNDtHx5wG1ijfvYFE996bmk,34091302912,QmYAqNoUdEWUXZUSX8NmUQU9J3oran2i61GNVvAVgEhWAv,baga6ea4seaqp5f6msizmnfqh5hx3kpxegg3yatzwrqkprhtu7bunhbcqohg7wpy,2,bafyreignoerwroz6jexkrof5tjfvu27zyro2zqaflz2fjkdwmyngqmwa7i,f01163272,2914722,,bafyreibxfhj3bybcbf2huwvq4fjb4yocyvf6lbrkem5mhocoqx2fwcbl4u,f01337533,2914722,,bafyreigogigrwj2pwu73pqubku5kxaqzmf6x74atpzwub7ggs2plqs4zga,f0137168,2914722,,bafyreifv6t36opgkputtg2kw2m4oputkrz7z6my4ehhp4q7wcge5f5sgwm,f0143858,2914722,,bafyreictgydwd73kpcxgut4b7k33qhdnfs7752dtuoulgf42neeusb4msu,f01862564,2914722,,bafyreihx74sabygjj3emredtbvu2i46o6sz3mjmusanzt7ot7mottlx7aq,f02032191,2914722,,bafyreiee37figlowgccr37o47lqu6jvsmaxptvdk45cd454hbdl4ct5iwu,f02301,2914722,,bafyreihjwjx5icekxgal4vbbact3sujrcxlum4crbp3lg4l7tmhzwnvaga,f0240185,2914722,,bafyreidrq3grn5p55t4z2psp4uk7gzyexnxxb7k3ta5njqxio2cae47nse,f03223,2914722,,bafyreieywc4pkyn7tbebz7bpmven4jqs27owi6qq6oqx725gv67tetnrzy,f0717969,2914722,,,,,,,,,
9e2eb529-c461-4e07-88be-7408e68315b1,fil-test010,fil-test010,,17180886010,QmQkcDwgn3QZEQgRH2T5mbLV7FdxTqv8P2vLo8HeaQAqKB.car,QmQkcDwgn3QZEQgRH2T5mbLV7FdxTqv8P2vLo8HeaQAqKB.car,,https://download.fogmetalabs.com/ipfs/QmcHnidBN6nNX337v1pkQcE3pH2gVQ3R1qGPGmSvyDDwty,34091302912,QmQkcDwgn3QZEQgRH2T5mbLV7FdxTqv8P2vLo8HeaQAqKB,baga6ea4seaqd5koefb4e2eqwdgerwqt4wmqs5fdpdspkv4kmgrsljgks23icwda,2,bafyreicjsaayjaunwg7l36kygfkrfec6is5rnu3yjfr3z6uivzmcewqqsa,f01163272,2914722,,bafyreihy5qq46k3ydrg5aryicd2kabmrpgp6z7i3ihb3cp7upopew76xhm,f01337533,2914722,,bafyreiem6t43q6jce5eu6crgcfxf3qc7mwzh7i2mjrxcc3tnwj3r3yzfka,f0137168,2914722,,bafyreifcu2xwe4mjiwdfhz4uor5bd4m7mxi2rpux3be4z6hgzqji22gz2u,f0143858,2914722,,bafyreihowwz4emi5ogsaidnctgra65sfoloa75w323lbgrwflkmhlxxg5y,f01862564,2914722,,bafyreid65tfhttej5d4uonmlfgj2lkh5z47xrlhfgoxfhnoc2d73dw7cjq,f02032191,2914722,,bafyreigkrjebig4iv7jn6hxc5f3hf2klswlelkmv52rbr4cd7flaakaxxy,f02301,2914722,,bafyreicneucyldmwjwvwwfhhys6gxodmlmpk2mmv5vkhirhkybrfm6k6vu,f0240185,2914722,,bafyreihnlzwaxlo6k2ez3u4ltjmh7mdiim2qpmoizglljzwx3spkvjpbt4,f0717969,2914722,,,,,,,,,,,,,
e164d5ef-8c23-46ec-a4e3-d98e2e494717,fil-test010,fil-test010,,17180886010,QmThoaU1esCzVfzA6LBm74Xr6wkHrkH8WVzDi7Y2XFegUZ.car,QmThoaU1esCzVfzA6LBm74Xr6wkHrkH8WVzDi7Y2XFegUZ.car,,https://download.fogmetalabs.com/ipfs/QmaVt7sC8F4HNTZpo9FdbcsvzT3gehAeKcLM5zdbGf5nSc,34091302912,QmThoaU1esCzVfzA6LBm74Xr6wkHrkH8WVzDi7Y2XFegUZ,baga6ea4seaqbayu27frydq3v6yawkewp64byrttl7d345ufwdpd2og5qtq6wuiy,2,bafyreihg2ziwdgeo2gcbrbqmgu3gfpys2gxi6b36ry7aefwj27phiagsdi,f01163272,2914722,,bafyreid4rx7dl7pqoxkekisyoxapxevirdx2xqbyuxdzpyhy3luu22cfj4,f01337533,2914722,,bafyreifufa4swfiwr5ieva4pr7fvqpjvprrieurw5munbr5qx75ityzcjm,f0137168,2914722,,bafyreifjmpnxolgkaxm3zsqmo4uyiv7gewqrohsk6mejsowou7m5o3usai,f0143858,2914722,,bafyreidnwlaafxttc26qt2mhym5ri4dcudqj2v6ydjonx673537gnqifvu,f01862564,2914721,,bafyreiedn5eee6ydg2wxxlwt5wnskquknk25m4lvqwfhyjskavewnjmrk4,f01862564,2914722,,bafyreifizymbc67hqfqo5zjx6tsjsyl36c7kqbuphej34udr34zgoc4yd4,f02032191,2914722,,bafyreidiln63jtsgh627cwvtsuqccfilpfgkgtu2noecpfglx5ugxedvy4,f02301,2914722,,bafyreibswrq4oscftjwpb2b3lyk74lwuxzcyw6teq5bbjwuktbx5yro4oi,f0240185,2914722,,bafyreigvb5ktgqt2rcc5eg3yz3ohm4waj4tuuqrroq3yxhv2htdunsda2m,f03223,2914722,,bafyreia5a4l6thryqkea3v2fshusp5lbnf3iuubbenmetkcsqfgw7cesrm,f0717969,2914722,,,,,
576723d3-d0a3-4507-9494-3d312fbca53d,fil-test010,fil-test010,,17180886010,QmXcs71TZA3rakSQGTqqspCe2oo32Z2RY8VwfU3hCvwqhj.car,QmXcs71TZA3rakSQGTqqspCe2oo32Z2RY8VwfU3hCvwqhj.car,,https://download.fogmetalabs.com/ipfs/QmfYbig7f36XnCK6YXcLq8BmcBRiGG3YKJrBCetMt1ztfh,34091302912,QmXcs71TZA3rakSQGTqqspCe2oo32Z2RY8VwfU3hCvwqhj,baga6ea4seaqmtqoofyavdkfxlz2fjkagp7jkrwehes7zdwqzdpjuhaq4lbrzuca,2,bafyreicrkqekhzx22wsxtcszgagv42a7pvwjendclb75uitcfsja6fr4vq,f01163272,2914722,,bafyreibkt5qpdxgxr7ackdiahosflgvdypzusfxse5cgd4lepvi74ydld4,f01337533,2914722,,bafyreif2ysy3hvzcnakxbwu5ezgjtch2yr52r3mhqegykoj3chob73lqui,f0137168,2914722,,bafyreicyha2opdzmongawv2lfsefg4eerffbn6ngn6w2wjh4zv2bxrnjyy,f0143858,2914722,,bafyreiaxari3usnubwhn44o565zu5evmxpnclocnh763xj7zatiltatf5y,f01862564,2914722,,bafyreiazjavxbiai4xjftrhcvobqfhmgb3udjkko4kh2twf3dfwsxzezr4,f01862564,2914721,,bafyreidyqkivg4ubail56zuayz5ogcwiy6hls6uueeupqz5b5vm2p62hoa,f02032191,2914722,,bafyreidosh5klcdxoy2dgq5inqvt4cqjkej5hyspo77f72i77ucwvmalo4,f02301,2914722,,bafyreichmmhms7bzskyw2eywe4y3mrevbkmltzghnibylj7mr4nhbumsbe,f0240185,2914722,,bafyreibblowny5e4lhsy5gb4na63btbttf3fvsiez7g7djhvfwpitcvv6e,f03223,2914722,,bafyreifmcjyz5lbhcvfajdm2vjatqkwswqvrhwsluxpktwyuqzcgzyqf6m,f0717969,2914722,,,,,
762b3d1b-91f5-43ea-8537-f09caa042ac9,fil-test010,fil-test010,,17180886010,QmR8DJJYFp9bWQmPerju9Kqf6ygGM586FXak5xVKSKQNdN.car,QmR8DJJYFp9bWQmPerju9Kqf6ygGM586FXak5xVKSKQNdN.car,,https://download.fogmetalabs.com/ipfs/QmNNQPsFxGutLknkzYYAi8ZT8xvk2tSZJBJjY2uXrJd9U9,34091302912,QmR8DJJYFp9bWQmPerju9Kqf6ygGM586FXak5xVKSKQNdN,baga6ea4seaqfoht62sxl5n2p3yqoe4vtfoyfbi3ufhfjpkc3ifryarkp36s5gni,2,bafyreidfc4lswtfh5hwek676kgigrt7gd4hgur5v6t3f4itfdjjq6bkb4m,f01163272,2914722,,bafyreiaoo3x2dz2oarh4znyo6drqszpcytk6nj4crc4sop44tgbdbeygti,f01337533,2914722,,bafyreiacbmoqeafpxmqpqpg7lr6of3jrw2egmaqm5r566p2e3fxpexjqui,f0137168,2914722,,bafyreiaufl2wforbsvelgclk6anfvl6tft2qbqoe37hahlwmseyqnxjjxy,f0143858,2914722,,bafyreictxep4lx5e47unsya5s4lwwfcwb3gnprxfdbjdpixmlo2f4tj6am,f01862564,2914722,,bafyreigtzm7na5ofbcnxihqljg52tdb46cui7cqcsoo2axbrldaqc4dwkm,f01862564,2914721,,bafyreihyoyvbodulv4pjmbza3aopuuuqbn5kvg2szq4ftfgkycaiq2p4fy,f02032191,2914722,,bafyreidoi2e3tejovufvwa2miy26tjh2xoqv3dqrkr26kecivbutj7uqou,f02301,2914722,,bafyreibyqtnzkhcrfp67zluh6oaqb5uglla4q6ptjc25wlu26t54hwpevi,f03223,2914722,,bafyreiclcprz7bahroqjy4v36ypu2emzxut6fovgtpg6qqijlff3bevt2y,f0717969,2914722,,,,,,,,,
c4b04369-f475-4e4c-bc32-3d3cfbe5cb26,fil-test010,fil-test010,,17180886010,QmWbtDYBKUvYCq6kBVMewWLfSNJWWNRdh86vnowpqFCw88.car,QmWbtDYBKUvYCq6kBVMewWLfSNJWWNRdh86vnowpqFCw88.car,,https://download.fogmetalabs.com/ipfs/QmTq6BWF4r43f1t93bkfQHFoAfJ3vJhLFFRfngR1P1nMjm,34091302912,QmWbtDYBKUvYCq6kBVMewWLfSNJWWNRdh86vnowpqFCw88,baga6ea4seaqkhkuuhod3j2onmawqdql67h6qdarpp4reku3angllzbypw4ulynq,2,bafyreigao3jzy5sr45webjh43dnhfdap6mxvzd4p5pyj54otxkmcj4kxme,f01163272,2914722,,bafyreiet4mcaou2363cdjvtbkf5boepeh5dqiibupueri5n7nb6tmdwgsq,f01337533,2914722,,bafyreidztse4smvu3l37banbo7d6d4u4nbtsulfigawyew743qotnmecyq,f0137168,2914722,,bafyreigf6v6n5foum5ynwc3or2zfi3f6yu7dm2mufxsorjfegbnbkeybwe,f0143858,2914722,,bafyreibquhtznm6jrigzwnimpd7rug52vxs6ar4cornyxc3h54jeavio3y,f01862564,2914722,,bafyreic3jb3o3gpvwweapiphiv5btb6kwwz3vwe4tatitblxyoygdgg3bi,f01862564,2914722,,bafyreidxmsubtm6g5edx3g5vcqkxlybntea2es5ep42equ2t5oubsdqd4a,f02032191,2914722,,bafyreieogtqdcigyjlqxskzceqa5sbx6tsn5ves2coijqk7ilkwtethzku,f02301,2914722,,bafyreigmobblzov2ahpps3nfavjh6bpkbbebg2zqclg4mk3iwt4jjjzc5u,f0240185,2914722,,bafyreidxfz7eanixeufrwl2ps6gyhy5jgvfi3qu2nb5e5fg7c6frhjshvi,f03223,2914722,,bafyreihn7ylqxday5b6kf7d5jf7xlbmbxw6tkxhys3iyie7ctdan5gtywy,f0717969,2914722,,,,,
b2ada272-acac-4d77-bada-6e93d0b1354e,fil-test010,fil-test010,,17180886010,QmSdXNxRhems8xiP1XEFuw6VaHCecdjtFoFWVYhaourB4j.car,QmSdXNxRhems8xiP1XEFuw6VaHCecdjtFoFWVYhaourB4j.car,,https://download.fogmetalabs.com/ipfs/QmVd4E6281NcZU9Yzr2KspLko7V93VZnmcXjXHrNnV2yiB,34091302912,QmSdXNxRhems8xiP1XEFuw6VaHCecdjtFoFWVYhaourB4j,baga6ea4seaqbuhpq7svi4jklptd5rybeelm4ogn6pzpodyzr5ef6ghnzkgmhokq,2,bafyreieff7ooggshcnuebgl2pdijttwqvtl7n2epyti4q7svvjepq6daie,f01163272,2914722,,bafyreid2cfw4k6pkhtiuipfzhgov3mofeyfvsmzemydr4ivkpugxionxh4,f01337533,2914722,,bafyreifra3cuz7vonidn3pwl4cv6ipkhhpmrnizahbenlzzp5rhao45zue,f0137168,2914722,,bafyreifejlzil4xq2saj6i6bwezstsuoaaifwfyvhjuphvdxpsgtn4axwq,f0143858,2914722,,bafyreifv5zlgqctxu57s6ckzkhqckeffrvyvtdod7kw6qte7ece6ysfraq,f01862564,2914722,,bafyreigl7zyodrcrxay54s7oqieu2xiavk53j2h5pargxsfvwrwltrqu2y,f01862564,2914721,,bafyreiatf4ebdu2uuvlmzi5e5ue5xoknvr6kzqmhvqjvfpsczk6ftj6zcq,f02032191,2914722,,bafyreiazybvcabfrkhwipr5pfwgewibiudaduthchgpbrdlhemxiswz4ma,f02301,2914722,,bafyreiei5l6hbllqm6u6vpt72qczpaqsv3odilwmjevgfv7fzjjgjgfvje,f0240185,2914722,,bafyreiaasndp3udjdclskipad6qs2nqte6hqqgwtsuc22aadgflnlrwzhm,f03223,2914722,,bafyreiabnmynpbrcgoaiedoffx6dhgbpujuk6va7coi3fh7clvocys66sm,f0717969,2914722,,,,,
ca057b60-638f-42b1-bb83-f70cf81664e9,fil-test010,fil-test010,,17180886010,QmfGyFcnr53DqrTTHCcoVfdLUQERHZbiXuEpjUdFhtubmQ.car,QmfGyFcnr53DqrTTHCcoVfdLUQERHZbiXuEpjUdFhtubmQ.car,,https://download.fogmetalabs.com/ipfs/QmNrXoTHX8GaujYpxsTUvjtt6r2G1Yp3M4sTzdh5MFYRss,34091302912,QmfGyFcnr53DqrTTHCcoVfdLUQERHZbiXuEpjUdFhtubmQ,baga6ea4seaqauvhnkd26c4sn2uvdpe3vvzrhnronvqqesvfzdsqwvkpawm4f2oq,2,bafyreiabntxk6xd37nqvgdvklocsic3k5c2cutoamvqicx6dgm4mik542m,f01163272,2914722,,bafyreicaijlfvrajgq3erdihelxj7rm4u7e52bg6lbiftk46wptbjatrwm,f01337533,2914722,,bafyreiadazhjlkt5ahtajk53efjg2ay344lywu3evzoc37on5rty6nucv4,f0137168,2914722,,bafyreicr7q4geniicu2mggkctjtshqktnw4dlkpc6zpb6oesaocxnpnpzq,f0143858,2914722,,bafyreibhl3vul2xwqxfeborm32amyln3fq4rdzr6jtljz4zlihnej4dnkq,f01862564,2914722,,bafyreihwxygfpqx4i7hemk4l7iz5jkfxi6t3qabsdusx3jwa2frjwc3olq,f01862564,2914722,,bafyreifyosya4whqcmldwlfi2mlttgnsz7xxk2u527ond6tnfgb66usrpe,f02032191,2914722,,bafyreiaxqbanxhckz2gichsczn4wjcaj35j6usvvdrwhbpgew2lzj7qbwy,f02301,2914722,,bafyreihnqffuqb5w5rz22b5zzti22jmmn6l7zveur5hih4mvdqzsq3eyee,f0240185,2914722,,bafyreify6snkert6htdkhhojds3hidakuv2ps3p4xveoaqefkqgmfkahue,f03223,2914722,,bafyreidij2wwhs7ijtgicsimfljpsophmp4utp6k6c4ruvqzzfux4egvvi,f0717969,2914722,,,,,
4ecac2b8-00ca-48fe-95c0-72f2ee65086b,fil-test010,fil-test010,,17180886010,QmTTEjdqDqUqinhRzF5Z3XSAoV4wy35juP87teJPSNQXm3.car,QmTTEjdqDqUqinhRzF5Z3XSAoV4wy35juP87teJPSNQXm3.car,,https://download.fogmetalabs.com/ipfs/QmaP6YDqY8CTAVU4Eqew6ogMq4Td62FX7X4hqmGxgfUgn3,34091302912,QmTTEjdqDqUqinhRzF5Z3XSAoV4wy35juP87teJPSNQXm3,baga6ea4seaqnkyxlyi5fdxekcp6vfhjerkm42wv2th57yu72vccy2xokwjxesfa,2,bafyreibd7xd4yz6wdghu7r635mjgsz6fl6z6ga7xpsjxh6rnfa2vgvigvm,f01163272,2914722,,bafyreiarp3q2m5b77nfsjiqrp3jqgizp6zj22t2rrxkjxjulge4uovsvpm,f01337533,2914722,,bafyreicynlkrg6cwr4dpscr3wb57bivz7dmu2jdbz2qem6i62l3qp4sb6i,f0137168,2914722,,bafyreidfalrbkqrd3h6hlsdobolftzl2tsupf3ndzmdcck2oejvgqhfdb4,f0143858,2914722,,bafyreifyocm5tugwpnvzditvkzhcfibmnb5zxlijwj6yvldfki36bysudm,f01862564,2914722,,bafyreihaufqte4bbyxopjo3oxtleza3qbiepfcb3ux6qlej4rnmsbonj6a,f01862564,2914721,,bafyreid2n4c3fhfrgh2upotlejp7dylkigptlc3jd5cflkgxg2tm72wdre,f02301,2914722,,bafyreie5266tpuvxygkhjq3nq57474ria5y7exnpzn57gl7bpccsjb4mty,f0240185,2914722,,bafyreidoekkgrhwvfvr5ighyp4npspmwwucifd7nobajpkb2mzryszc73q,f03223,2914722,,bafyreidbqpc5jiqzd27emx63a4bzp3gj3oqgmmabrvmosged5wxdpokp2i,f0717969,2914722,,,,,,,,,
b3af4d98-2972-4c9f-a885-d82222b5b394,fil-test010,fil-test010,,17180886010,QmSvB355xZzd2REEnNSrbEjbuiGVWjt2StWDXRoYR5pWjP.car,QmSvB355xZzd2REEnNSrbEjbuiGVWjt2StWDXRoYR5pWjP.car,,https://download.fogmetalabs.com/ipfs/QmVGHCxKesnQ2N7S47KXiCjT469VsBuhhd7q2XSpTgpRi3,34091302912,QmSvB355xZzd2REEnNSrbEjbuiGVWjt2StWDXRoYR5pWjP,baga6ea4seaqj4tzcp3aipe4kzd7ashz7oyex4y3b3np2k3iediwglomuo4gvwlq,2,bafyreicgme4wwdysmd4eij4l2roz3uqsjvymsbifjw2xrcxwa5tfcm4ipu,f01163272,2914722,,bafyreie2iclpscck2qihvkofekswyj5z4bsjslz4l6jq6dk3zlpfbwvwa4,f01337533,2914722,,bafyreibwls4acak3vmtu5q7lla4uvumiuvyvbzvecr5w4rafwv7ragfov4,f0137168,2914722,,bafyreiey3zobyuuyyrxh7pmlhal7x33r7n2wtdojgff37m2e5eddsedpku,f0143858,2914722,,bafyreibjur3bcq4rfe56lt2tncqt3zuns2gwke32lkaykbvyq7acrqyajm,f01862564,2914722,,bafyreiezpfry4gmzjehgpf3xvecxw3fnfnyh3v7r6wybjfluakcjacq3pq,f01862564,2914722,,bafyreih25j5cbjnen2tloshqugkgmypfohbypzb6fiwnyp3ee3asrt342q,f02032191,2914722,,bafyreid6qoghl5b4citqeja4qanqgtus3lbckkfapokrtfpnetos5qja7y,f02301,2914722,,bafyreiedaj3uevff7qrwlzwrz6yf23xenpv7p2k6ycmuqazypt6ydlywee,f0240185,2914722,,bafyreihyok4yzkl5j4jxjvtb2alqfye6jl352nvjf5gqimts4tse4ns3te,f03223,2914722,,bafyreibu3itthtk6euq6vdzhzausz5hidpebfpkfhbuhdmlnjku5k7ijue,f0717969,2914722,,,,,
463ec75b-d1b0-4b4c-b0cb-b9e9a5aa44ee,fil-test010,fil-test010,,17180886010,QmawTHS2AceRLe3AGVW8Bt3tz4wLbEznEtk98PUU8yCa5J.car,QmawTHS2AceRLe3AGVW8Bt3tz4wLbEznEtk98PUU8yCa5J.car,,https://download.fogmetalabs.com/ipfs/QmfJn3sv5wtxXS7zhpyg6TWKrX4zXsmf7Vx6aLHSbUHvND,34091302912,QmawTHS2AceRLe3AGVW8Bt3tz4wLbEznEtk98PUU8yCa5J,baga6ea4seaqbflwjuokvev2tionppr5awcnn6ph2zhsjlzur4k7tt5gggavpiea,2,bafyreichv3g6tww6p42xqfccrtsmtwa6ha72lptrdm2fbalxl4epetsmpa,f01163272,2914722,,bafyreicyod6btfjkbqm7oopxcq5n3exvrcfubhhsj5pidt37ugyvisvhce,f01337533,2914722,,bafyreiaetl5ajha43pjgidt35n3aqacrjx42mbd4kimhw4yazwlfuhtwxe,f0137168,2914722,,bafyreic4s6mjpn6xbcyqxhz2sduxb7366u6b4k2aqtaefzewolkyvpqyma,f0143858,2914722,,bafyreigv7qfv2kjjmnzwe67xlywgzlvxmfcjbp42k2t6nemqjk6vhc5hdy,f01862564,2914722,,bafyreihlscyynjxdvrzhmr3emogqbi53od6aopgm674fh2niep5jd4uma4,f01862564,2914721,,bafyreifnewtcubaix6wqau4kh2j5rh72rguvjx37inhowx6w3u4baosiwq,f02032191,2914722,,bafyreigy6ug3jede462brsvghnsotsipwz2loudiwqhcgdi3x3ruvf34ee,f02301,2914722,,bafyreifkinfn2ub2jxu4gmz6oimhhbq444tywgfkmzld4lkvkjau3b5mni,f0240185,2914722,,bafyreicq3eqmgpj5sk2c2n7535mcq3ayhdg6lp6xoezm3dp6xemu3uev4m,f03223,2914722,,bafyreia4p3xcocyuyvxp5a74jcxwf5zuycykfywn245gjqgudkhcrnhn6i,f0717969,2914722,,,,,
92d46311-36f3-463a-a156-fb846b2a85b6,fil-test010,fil-test010,,17180886010,QmYUGeo5pQzkV7P3WR9bpuYum5Go4oH8jLdHhAr5wRrWGW.car,QmYUGeo5pQzkV7P3WR9bpuYum5Go4oH8jLdHhAr5wRrWGW.car,,https://download.fogmetalabs.com/ipfs/QmTrCtGMwRakvH4qGrZn66LJcswdH41rdTgh4VvmSCbL1s,34091302912,QmYUGeo5pQzkV7P3WR9bpuYum5Go4oH8jLdHhAr5wRrWGW,baga6ea4seaqjdlgnxilwjgygl5mqkc4yesroapblittnkiecpvsoli3x5yeeima,2,bafyreihuhzfabin6etxea6kiiw4qi5qtvo3quuhyryaopuyxx4ysfovlsa,f01163272,2914722,,bafyreiaz2mi3xhmkbsj6fpeqqx4sanoy3krerbjonaar5wiiusfr2di5by,f01337533,2914722,,bafyreie7bn7hzgv42zvqwj5sfyxbyfajho4hpo4hpeheenzm7pcb46ntry,f0137168,2914722,,bafyreie3oaeqnlfsfyog62uyrqyobl7vy7j22p2zfosnxc37zx6brhh2sa,f0143858,2914722,,bafyreie3vseyltwxgy2jpjqp5s2p4v7gggvttmxxvklqtvnw6pgi7vt4cy,f01862564,2914722,,bafyreihn4vniphatzi2losxijoi7peizzropv2abxd2fmwhqqakufqrjli,f02032191,2914722,,bafyreihii5waqdhgov6tzgiwy2fpalhlnhypex2njp7wnh2njudyoegy2q,f02301,2914722,,bafyreibzelumi77pp3nbdodv3cqsanbim2o4m5kzeecibafbcmwilsdtga,f0240185,2914722,,bafyreie3qbz7oft5eq6n2bkfopsogj2sqtqg6t6unqp6di4jmabp52fmge,f03223,2914722,,bafyreibmpfwwme6pod3nghandee2uiztglrsu43fwyzn4kasiqwccd66ny,f0717969,2914722,,,,,,,,,
1bf43fa5-441a-44e1-b9e2-03a5a2b789a2,fil-test010,fil-test010,,17180886010,QmZV8BEEycuMS2ikpkdQ7mB7RMTh1TeaRoAQW4jk5JsviH.car,QmZV8BEEycuMS2ikpkdQ7mB7RMTh1TeaRoAQW4jk5JsviH.car,,https://download.fogmetalabs.com/ipfs/QmWQ1MLn8EQAvjbDqm61EAh8FCdHFRkFu7RCSbRPEgyX4S,34091302912,QmZV8BEEycuMS2ikpkdQ7mB7RMTh1TeaRoAQW4jk5JsviH,baga6ea4seaqdt44azu2p5b4gqhxdovvftjhmzersgywcewyz5dqzv2wddam76ha,2,bafyreicwhmsdxgufoz3oioyf2fbha57lmkvhfigzz5jfj4z6u6jq3nsyei,f01163272,2914722,,bafyreigrc3ow6ykncadsuxlixq5md6qychuysushov6g6roxn6bbnn4ehq,f01337533,2914722,,bafyreih3l4nt7cg3fsk2xmphpfik7jhg2mgbtqrwtcxt225amhgnxudd6e,f0137168,2914722,,bafyreiavcmxfegcl7qlukskmsnjamusnjn44sedkimqkbblsr6ppi2lab4,f0143858,2914722,,bafyreieyjfio5vflbsfnoasrbfa4btrauuecmkpn2dwcnqkc2jdwnu7m7q,f01862564,2914721,,bafyreihzfptrlshxuppwiyz4o3zk7ujgnqx3267t342kejo4a5gsu4tuce,f01862564,2914722,,bafyreih6v4zh3tu4nc66674jvaoib73jgopg3352svatojs5mkun4ehnu4,f02032191,2914722,,bafyreicn6d2rx62gvdpo24od6tsto53s3cv6tzvlo4qxh3mfy4idotinja,f02301,2914722,,bafyreidcwakhbgs7cx72y2itd3gs6cbutc6bihtwxx72qqhxo4gnuw4x4q,f0240185,2914722,,bafyreidou6z7r2kz6ubm5qzjfkxqcmra6fdff3tlt2fbih25nerer4whfu,f0717969,2914722,,,,,,,,,
10607ca7-9ffc-431c-a602-4edb503f512d,fil-test010,fil-test010,,17180886010,Qme1RikMLuHePUVyHTsUoSroSUhYbwFeF1TnaPejWE7TqV.car,Qme1RikMLuHePUVyHTsUoSroSUhYbwFeF1TnaPejWE7TqV.car,,https://download.fogmetalabs.com/ipfs/QmNc3F9Cftc5tH6tjdyhYbXkBEXG5GVLDaJKUfQZQAbsfS,34091302912,Qme1RikMLuHePUVyHTsUoSroSUhYbwFeF1TnaPejWE7TqV,baga6ea4seaqpoicujgvjorzteginkzijiz3hzseas2fpnebtbiih5ufyyesqcca,2,bafyreiftp6lntmyppc2sykfspxqhwrxyg3mbwnwhytzuv5e7qo7kburs6u,f01163272,2914722,,bafyreifywtvp4mewruzmnlyc5af27apghhwhgrj5ldwjbzsyny5wtgqske,f01337533,2914722,,bafyreid7442ucuesuvsgrh6bc2f372q3jifsmvacelg7oqge3l7dry5gpa,f0143858,2914722,,bafyreiause4s6jbsv4vc7jmnl7ga4b32ccs7rv4tv2shn4hh5emalt5ijy,f01862564,2914722,,bafyreibep6xytcu44vybwv2ltbosww3aeiwb5uw7s3sqcaeuaixaufeuxa,f01862564,2914721,,bafyreicli2r75gifxlh3l7uz5dbmriqglk2njewljgeogcz7uvvtjewcdq,f02032191,2914722,,bafyreiczfzjwv2jjmt72vd5rxglgbjpqt3zmwt6mqjsgmssvfup5csujhu,f02301,2914722,,bafyreiaiscl2ckza7yqto4uay42sqx4xkgezmrttbkpglwwxyh4gi2nm3q,f0240185,2914722,,bafyreicvkpfjljroz5eq3hd24wochhq36awarmgg53fqc3m6gcmell7iwy,f03223,2914722,,bafyreib2vlpengeufifbqwafeibpib6rn35ogpmmelhwrx4bipxtrlsrva,f0717969,2914722,,,,,,,,,
0199ce5c-3335-420c-8cb8-7d1a401d5b09,fil-test010,fil-test010,,17180886010,QmUBCuvPyYng8DNDSQ8wtgBSLj1vVZZyY93iLpc1rAStP2.car,QmUBCuvPyYng8DNDSQ8wtgBSLj1vVZZyY93iLpc1rAStP2.car,,https://download.fogmetalabs.com/ipfs/QmWoiXzkE5gN7WzFD3mHv1xZNM7W5Cbbir3dSRbczqr2pG,34091302912,QmUBCuvPyYng8DNDSQ8wtgBSLj1vVZZyY93iLpc1rAStP2,baga6ea4seaqmi5ulugd7x6qdwwix3xmrsrsefci6ftwomt2am6zi6iqczr45cay,2,bafyreifaigwscxzkprobnq22izogy5244fs33motwghpsywblv3t3b2bfe,f01163272,2914722,,bafyreigyyiilsjejp3plmmgixo6b3q2ylxiwpy7kcoifyh4o3x7xgddkli,f01337533,2914722,,bafyreig2l4tho6twx356glo7fguh7ndgidkf7voiyjwrmpkbqimog3h62u,f0137168,2914722,,bafyreihrbyfntct3k4kir3xmwfdjgr5wcrwcozdxhkpoctmiy2efxt4exq,f0143858,2914722,,bafyreifnipsv2wtkxzoxb4xyosww24pcrdaozj6gj4v2xw65h6zrwq2mfi,f01862564,2914721,,bafyreifsfmwqyytjvuuxspqgdtf2dadarga7wthn2anqypthbzaafubuyq,f01862564,2914722,,bafyreiag75zzslmmezx7bjzboigojufpw2237lsdj3cyjqxr2vl25ujqkq,f02032191,2914722,,bafyreid6r2telah2hl27ypx4qt4xlgl2zlm7eylerhdwqme7qhsdhlx47m,f02301,2914722,,bafyreigp4424g4azpd5acu3svmy7ylz76vzez44hqwkpewuklld5a4bv5m,f0240185,2914722,,bafyreievc3dghourgouuw2ylqnfp2kmrly3nkssxv7yd73tdhn25eimuja,f03223,2914722,,bafyreidcd7p2mqvrlh34bekaxesp7jqwqpgtgbeo4ku6ykbzc6p3ckbtei,f0717969,2914722,,,,,
1d43f991-51a8-4e53-920d-794f72827755,fil-test010,fil-test010,,17180886010,QmNdgqBquQzRCjtXHQihBDi31G81fDiStx9etLRPwviRW8.car,QmNdgqBquQzRCjtXHQihBDi31G81fDiStx9etLRPwviRW8.car,,https://download.fogmetalabs.com/ipfs/QmfQZ3zRnSHeo1AU4aoGwDJbn2mAagFjUrKfWfRfmS4XJ8,34091302912,QmNdgqBquQzRCjtXHQihBDi31G81fDiStx9etLRPwviRW8,baga6ea4seaqoeqitxduyj6h7ufetcooxtvk34wu7c3klvjofafrhg2wkjnmcoiq,2,bafyreib5h7prgq5w44jluihqwkztvefwpmkfr6pflwocfmf74gcujbasja,f01163272,2914722,,bafyreieui36voys7bds47zyqcabp7ptuealkarutfglbzbjrp4fhjonbzy,f01337533,2914722,,bafyreidreiqjbue63t6nqcmgwras5zybjuv43h2knw5ydqr2krrupqkhku,f0137168,2914722,,bafyreibf6ybl5vikr7bzu6mupsuizbjkp7arkut3njzc5mduwvuvbf4nga,f0143858,2914722,,bafyreid6tbo2oerrpr5m34pajrtlxmjmckeje6lfvbnhctgtapw2f7nvo4,f01862564,2914722,,bafyreieoa2cmh33wzg3sp7j6iydmkx5k4bdv5ta662o2wgudgqdlaxl7qm,f01862564,2914722,,bafyreidbb5e2i76jojagkbyhyc2bwi6drfadobg6rk2ui4rxsp57vg53am,f02032191,2914722,,bafyreiaavue2yxjzmzxjdopdcenkqbftc6dvgjczpzudfsjbmbawuhfjfe,f02301,2914722,,bafyreieuazlmjqkctz4hpi6ftyn6fnf4qiv3skzpajn3dbmxxnvsqakcva,f0240185,2914722,,bafyreidn4kpntjp6mou7rvgadrelpqnceprnvglkjaa7t6kqoc5r7vtfl4,f03223,2914722,,bafyreiezp44io5rkqkulqfvtrfvqjiampwa2xx24jwznczmi3dfdpyh5rm,f0717969,2914722,,,,,
553f7be4-c4c7-4305-9c94-d0cfabf6b4d9,fil-test010,fil-test010,,13197111414,QmYg8FkC2bi9cL7aHU5pQuqB7tMeLg4GgmdfdNSA6tQQ4N.car,QmYg8FkC2bi9cL7aHU5pQuqB7tMeLg4GgmdfdNSA6tQQ4N.car,,https://download.fogmetalabs.com/ipfs/QmRrCoLfS46pyysZzYuvHMZY1Jg3a1HuxBjiqKYuRtRkdC,17045651456,QmYg8FkC2bi9cL7aHU5pQuqB7tMeLg4GgmdfdNSA6tQQ4N,baga6ea4seaqec2pfap7cy2biqlr5gerwucoahtyjdyzpia65d2qik2yrffmgafi,2,bafyreidw5hgeei24kmdyuq27u24wmotcaxq4i56dm2xtzaeum5iwup5zse,f01163272,2914722,,bafyreicoeclbeijtgiwc6odqcakkesn5prey6psddgywkqex3etxaiozuu,f01337533,2914722,,bafyreieuidncjct7fjhlrttfa4ksbwstokuvsqgqg2fwbyg25f4i7uhpya,f0137168,2914722,,bafyreibajii54frxtwjiymv4hsef6b2hbk7l2zql3y6ue4z374a3pqosaa,f0143858,2914722,,bafyreiczpztxi56usz7xj3m5hohfmjf2autyml2zlwt2ziiw34553kulqu,f01862564,2914721,,bafyreiduckeqhukvsygazbse6wcyhvggtadlnnjxdchqeyxu3lotcv3uru,f01862564,2914722,,bafyreierdmckyffuzzkejrg3cctq256kvyfxk6bpxiuq4hbxdm67myls4q,f02032191,2914722,,bafyreieaad7i7ttaf3qgdytpwdshbsckivqumnsoed3wiri55gqhcobplq,f02301,2914722,,bafyreicufvt7mnnyzfa2mh62zvm3wvf6a44e2z7inuhnz2nibhco2abjki,f0240185,2914722,,bafyreia4mwg5jf7scivotq257o7w7ypguuovr3gihe67gul3ggovk2g3b4,f03223,2914722,,bafyreigtzclqohtbxyknr5mtg6bcwjwrexx3jquwhhjdtcqfqvlui43ucu,f0717969,2914722,,,,,

