uuid,source_file_name,source_file_path,source_file_md5,source_file_size,car_file_name,car_file_path,car_file_md5,car_file_url,car_file_size,pay_load_cid,piece_cid,start_epoch,source_id,deals
a18f3b34-be7c-4baa-9bd0-aa0fc8d9a885,,,,17180886010,QmQDdyqUQS3sRGv8hU713cr1NcSFoSn9rMTZEQh2bMGytL.car,QmQDdyqUQS3sRGv8hU713cr1NcSFoSn9rMTZEQh2bMGytL.car,,http://download2.storefrontiers.cn/ipfs/QmbPSL7f6boTjFUavNDN6qmEG9eo9kL1kSG4nVYcbFBYrx,34091302912,QmQDdyqUQS3sRGv8hU713cr1NcSFoSn9rMTZEQh2bMGytL,baga6ea4seaqpf7mlsnnjy3yc3bbfo3luo5adnr56eyvgwsabc5qrgjt7ngn3cjq,,2,"[{""DealCid"":""bafyreidtf3iftczs6tactkob5kr5mzbuhdngxcsffs42xrlcvq6soczeei"",""MinerFid"":""f01337533"",""StartEpoch"":2878137,""Cost"":""""}]"
a18f3b34-be7c-4baa-9bd0-aa0fc8d9a885,,,,17180886010,QmQDdyqUQS3sRGv8hU713cr1NcSFoSn9rMTZEQh2bMGytL.car,QmQDdyqUQS3sRGv8hU713cr1NcSFoSn9rMTZEQh2bMGytL.car,,http://download2.storefrontiers.cn/ipfs/QmbPSL7f6boTjFUavNDN6qmEG9eo9kL1kSG4nVYcbFBYrx,34091302912,QmQDdyqUQS3sRGv8hU713cr1NcSFoSn9rMTZEQh2bMGytL,baga6ea4seaqpf7mlsnnjy3yc3bbfo3luo5adnr56eyvgwsabc5qrgjt7ngn3cjq,,2,"[{""DealCid"":""bafyreif7qma5u46dtww4wmphyluzmqvnjxrlsk7334i3zgxnqopemhw7a4"",""MinerFid"":""f01862564"",""StartEpoch"":2878137,""Cost"":""""}]"
a18f3b34-be7c-4baa-9bd0-aa0fc8d9a885,,,,17180886010,QmQDdyqUQS3sRGv8hU713cr1NcSFoSn9rMTZEQh2bMGytL.car,QmQDdyqUQS3sRGv8hU713cr1NcSFoSn9rMTZEQh2bMGytL.car,,http://download2.storefrontiers.cn/ipfs/QmbPSL7f6boTjFUavNDN6qmEG9eo9kL1kSG4nVYcbFBYrx,34091302912,QmQDdyqUQS3sRGv8hU713cr1NcSFoSn9rMTZEQh2bMGytL,baga6ea4seaqpf7mlsnnjy3yc3bbfo3luo5adnr56eyvgwsabc5qrgjt7ngn3cjq,,2,"[{""DealCid"":""bafyreig5lvdwzc6hk56cjm5qxyklxjwi65odmgwyyo66522ljzoxjccxva"",""MinerFid"":""f02003005"",""StartEpoch"":2878137,""Cost"":""""}]"
a18f3b34-be7c-4baa-9bd0-aa0fc8d9a885,,,,17180886010,QmQDdyqUQS3sRGv8hU713cr1NcSFoSn9rMTZEQh2bMGytL.car,QmQDdyqUQS3sRGv8hU713cr1NcSFoSn9rMTZEQh2bMGytL.car,,http://download2.storefrontiers.cn/ipfs/QmbPSL7f6boTjFUavNDN6qmEG9eo9kL1kSG4nVYcbFBYrx,34091302912,QmQDdyqUQS3sRGv8hU713cr1NcSFoSn9rMTZEQh2bMGytL,baga6ea4seaqpf7mlsnnjy3yc3bbfo3luo5adnr56eyvgwsabc5qrgjt7ngn3cjq,,2,"[{""DealCid"":""bafyreidt5mw7rhhg2pj2f6acptdshzuz22jcwgiynlgfkdzuq4fcmmzepa"",""MinerFid"":""f01163272"",""StartEpoch"":2878137,""Cost"":""""}]"
a18f3b34-be7c-4baa-9bd0-aa0fc8d9a885,,,,17180886010,QmQDdyqUQS3sRGv8hU713cr1NcSFoSn9rMTZEQh2bMGytL.car,QmQDdyqUQS3sRGv8hU713cr1NcSFoSn9rMTZEQh2bMGytL.car,,http://download2.storefrontiers.cn/ipfs/QmbPSL7f6boTjFUavNDN6qmEG9eo9kL1kSG4nVYcbFBYrx,34091302912,QmQDdyqUQS3sRGv8hU713cr1NcSFoSn9rMTZEQh2bMGytL,baga6ea4seaqpf7mlsnnjy3yc3bbfo3luo5adnr56eyvgwsabc5qrgjt7ngn3cjq,,2,"[{""DealCid"":""bafyreieasxsy2pfbkcodvsi6aexari47ma7kzcs57alwedznv5anrnlngy"",""MinerFid"":""f0717969"",""StartEpoch"":2878137,""Cost"":""""}]"
a18f3b34-be7c-4baa-9bd0-aa0fc8d9a885,,,,17180886010,QmQDdyqUQS3sRGv8hU713cr1NcSFoSn9rMTZEQh2bMGytL.car,QmQDdyqUQS3sRGv8hU713cr1NcSFoSn9rMTZEQh2bMGytL.car,,http://download2.storefrontiers.cn/ipfs/QmbPSL7f6boTjFUavNDN6qmEG9eo9kL1kSG4nVYcbFBYrx,34091302912,QmQDdyqUQS3sRGv8hU713cr1NcSFoSn9rMTZEQh2bMGytL,baga6ea4seaqpf7mlsnnjy3yc3bbfo3luo5adnr56eyvgwsabc5qrgjt7ngn3cjq,,2,"[{""DealCid"":""bafyreifpvkb47kfza4lx7ifzome24u4c3utepk5vqkn7zz4egihe2fepoq"",""MinerFid"":""f02012951"",""StartEpoch"":2878137,""Cost"":""""}]"
a18f3b34-be7c-4baa-9bd0-aa0fc8d9a885,,,,17180886010,QmQDdyqUQS3sRGv8hU713cr1NcSFoSn9rMTZEQh2bMGytL.car,QmQDdyqUQS3sRGv8hU713cr1NcSFoSn9rMTZEQh2bMGytL.car,,http://download2.storefrontiers.cn/ipfs/QmbPSL7f6boTjFUavNDN6qmEG9eo9kL1kSG4nVYcbFBYrx,34091302912,QmQDdyqUQS3sRGv8hU713cr1NcSFoSn9rMTZEQh2bMGytL,baga6ea4seaqpf7mlsnnjy3yc3bbfo3luo5adnr56eyvgwsabc5qrgjt7ngn3cjq,,2,"[{""DealCid"":""bafyreifzfkfbqev2kkkrjux35ja57j32gc4dukkbkcth2ahiwgn5yiagyq"",""MinerFid"":""f01222595"",""StartEpoch"":2878137,""Cost"":""""}]"
a18f3b34-be7c-4baa-9bd0-aa0fc8d9a885,,,,17180886010,QmQDdyqUQS3sRGv8hU713cr1NcSFoSn9rMTZEQh2bMGytL.car,QmQDdyqUQS3sRGv8hU713cr1NcSFoSn9rMTZEQh2bMGytL.car,,http://download2.storefrontiers.cn/ipfs/QmbPSL7f6boTjFUavNDN6qmEG9eo9kL1kSG4nVYcbFBYrx,34091302912,QmQDdyqUQS3sRGv8hU713cr1NcSFoSn9rMTZEQh2bMGytL,baga6ea4seaqpf7mlsnnjy3yc3bbfo3luo5adnr56eyvgwsabc5qrgjt7ngn3cjq,,2,"[{""DealCid"":""bafyreifsvlbamsfuaov5lkwz747n3pgr66kpfg5tqp24grn6bxp3ikoq7y"",""MinerFid"":""f08399"",""StartEpoch"":2878137,""Cost"":""""}]"
a18f3b34-be7c-4baa-9bd0-aa0fc8d9a885,,,,17180886010,QmQDdyqUQS3sRGv8hU713cr1NcSFoSn9rMTZEQh2bMGytL.car,QmQDdyqUQS3sRGv8hU713cr1NcSFoSn9rMTZEQh2bMGytL.car,,http://download2.storefrontiers.cn/ipfs/QmbPSL7f6boTjFUavNDN6qmEG9eo9kL1kSG4nVYcbFBYrx,34091302912,QmQDdyqUQS3sRGv8hU713cr1NcSFoSn9rMTZEQh2bMGytL,baga6ea4seaqpf7mlsnnjy3yc3bbfo3luo5adnr56eyvgwsabc5qrgjt7ngn3cjq,,2,"[{""DealCid"":""bafyreiez7jxfmhorqt2dscm7vbrcobc4bjwzofqew25ljhz5w4q63ahipm"",""MinerFid"":""f03223"",""StartEpoch"":2878137,""Cost"":""""}]"
a18f3b34-be7c-4baa-9bd0-aa0fc8d9a885,,,,17180886010,QmQDdyqUQS3sRGv8hU713cr1NcSFoSn9rMTZEQh2bMGytL.car,QmQDdyqUQS3sRGv8hU713cr1NcSFoSn9rMTZEQh2bMGytL.car,,http://download2.storefrontiers.cn/ipfs/QmbPSL7f6boTjFUavNDN6qmEG9eo9kL1kSG4nVYcbFBYrx,34091302912,QmQDdyqUQS3sRGv8hU713cr1NcSFoSn9rMTZEQh2bMGytL,baga6ea4seaqpf7mlsnnjy3yc3bbfo3luo5adnr56eyvgwsabc5qrgjt7ngn3cjq,,2,"[{""DealCid"":""bafyreidaazbcklrnlq244ozkj5pcm7g77vlnjcy4zlekhglpclhuaaaj3y"",""MinerFid"":""f0143858"",""StartEpoch"":2878137,""Cost"":""""}]"
a18f3b34-be7c-4baa-9bd0-aa0fc8d9a885,,,,17180886010,QmQDdyqUQS3sRGv8hU713cr1NcSFoSn9rMTZEQh2bMGytL.car,QmQDdyqUQS3sRGv8hU713cr1NcSFoSn9rMTZEQh2bMGytL.car,,http://download2.storefrontiers.cn/ipfs/QmbPSL7f6boTjFUavNDN6qmEG9eo9kL1kSG4nVYcbFBYrx,34091302912,QmQDdyqUQS3sRGv8hU713cr1NcSFoSn9rMTZEQh2bMGytL,baga6ea4seaqpf7mlsnnjy3yc3bbfo3luo5adnr56eyvgwsabc5qrgjt7ngn3cjq,,2,"[{""DealCid"":""bafyreih7b655lkvjawary4czsjv36m44fpr3752xlbvbaam2japtmi2pxq"",""MinerFid"":""f02301"",""StartEpoch"":2878137,""Cost"":""""}]"
a18f3b34-be7c-4baa-9bd0-aa0fc8d9a885,,,,17180886010,QmQDdyqUQS3sRGv8hU713cr1NcSFoSn9rMTZEQh2bMGytL.car,QmQDdyqUQS3sRGv8hU713cr1NcSFoSn9rMTZEQh2bMGytL.car,,http://download2.storefrontiers.cn/ipfs/QmbPSL7f6boTjFUavNDN6qmEG9eo9kL1kSG4nVYcbFBYrx,34091302912,QmQDdyqUQS3sRGv8hU713cr1NcSFoSn9rMTZEQh2bMGytL,baga6ea4seaqpf7mlsnnjy3yc3bbfo3luo5adnr56eyvgwsabc5qrgjt7ngn3cjq,,2,"[{""DealCid"":""bafyreifzo52eabshkqir55rdwermdhu3iqggxl65bbwexbxmdk35pq32su"",""MinerFid"":""f01225882"",""StartEpoch"":2878137,""Cost"":""""}]"
a18f3b34-be7c-4baa-9bd0-aa0fc8d9a885,,,,17180886010,QmQDdyqUQS3sRGv8hU713cr1NcSFoSn9rMTZEQh2bMGytL.car,QmQDdyqUQS3sRGv8hU713cr1NcSFoSn9rMTZEQh2bMGytL.car,,http://download2.storefrontiers.cn/ipfs/QmbPSL7f6boTjFUavNDN6qmEG9eo9kL1kSG4nVYcbFBYrx,34091302912,QmQDdyqUQS3sRGv8hU713cr1NcSFoSn9rMTZEQh2bMGytL,baga6ea4seaqpf7mlsnnjy3yc3bbfo3luo5adnr56eyvgwsabc5qrgjt7ngn3cjq,,2,"[{""DealCid"":""bafyreihfhy6vvqlhfetjdqtrjip7hnsvkqyf5u2ocvtnkucgsrbwzqls2e"",""MinerFid"":""f01888808"",""StartEpoch"":2878137,""Cost"":""""}]"
a18f3b34-be7c-4baa-9bd0-aa0fc8d9a885,,,,17180886010,QmQDdyqUQS3sRGv8hU713cr1NcSFoSn9rMTZEQh2bMGytL.car,QmQDdyqUQS3sRGv8hU713cr1NcSFoSn9rMTZEQh2bMGytL.car,,http://download2.storefrontiers.cn/ipfs/QmbPSL7f6boTjFUavNDN6qmEG9eo9kL1kSG4nVYcbFBYrx,34091302912,QmQDdyqUQS3sRGv8hU713cr1NcSFoSn9rMTZEQh2bMGytL,baga6ea4seaqpf7mlsnnjy3yc3bbfo3luo5adnr56eyvgwsabc5qrgjt7ngn3cjq,,2,"[{""DealCid"":""bafyreig5w6oz25vlwdpahv2j73vpsvy54si2vqdjgo5wobmwcmdyf2cg2u"",""MinerFid"":""f0240185"",""StartEpoch"":2878137,""Cost"":""""}]"
a18f3b34-be7c-4baa-9bd0-aa0fc8d9a885,,,,17180886010,QmaLfB7Rp7DTYpUWYQECLiK5fXCfbybNoPU2cx866rm5mM.car,QmaLfB7Rp7DTYpUWYQECLiK5fXCfbybNoPU2cx866rm5mM.car,,http://download2.storefrontiers.cn/ipfs/QmX3KSkQgLh9RU7W6DfpZL5YRibDeE4gsJLWpJCFfSxJZM,34091302912,QmaLfB7Rp7DTYpUWYQECLiK5fXCfbybNoPU2cx866rm5mM,baga6ea4seaqoek4mlaevplw3knaz2ithg4gdk7fixml7hmzrebstm2iwxwwkemq,,2,"[{""DealCid"":""bafyreibat26ozglulosmuuajkckc2zy3eduecf2pmczch6id37aexcntcm"",""MinerFid"":""f01222595"",""StartEpoch"":2878137,""Cost"":""""}]"
a18f3b34-be7c-4baa-9bd0-aa0fc8d9a885,,,,17180886010,QmaLfB7Rp7DTYpUWYQECLiK5fXCfbybNoPU2cx866rm5mM.car,QmaLfB7Rp7DTYpUWYQECLiK5fXCfbybNoPU2cx866rm5mM.car,,http://download2.storefrontiers.cn/ipfs/QmX3KSkQgLh9RU7W6DfpZL5YRibDeE4gsJLWpJCFfSxJZM,34091302912,QmaLfB7Rp7DTYpUWYQECLiK5fXCfbybNoPU2cx866rm5mM,baga6ea4seaqoek4mlaevplw3knaz2ithg4gdk7fixml7hmzrebstm2iwxwwkemq,,2,"[{""DealCid"":""bafyreibsmmekivcxcho64ebhe4x3wcgr2ouxustjvhd2uhtauwelbhrefe"",""MinerFid"":""f0143858"",""StartEpoch"":2878137,""Cost"":""""}]"
a18f3b34-be7c-4baa-9bd0-aa0fc8d9a885,,,,17180886010,QmaLfB7Rp7DTYpUWYQECLiK5fXCfbybNoPU2cx866rm5mM.car,QmaLfB7Rp7DTYpUWYQECLiK5fXCfbybNoPU2cx866rm5mM.car,,http://download2.storefrontiers.cn/ipfs/QmX3KSkQgLh9RU7W6DfpZL5YRibDeE4gsJLWpJCFfSxJZM,34091302912,QmaLfB7Rp7DTYpUWYQECLiK5fXCfbybNoPU2cx866rm5mM,baga6ea4seaqoek4mlaevplw3knaz2ithg4gdk7fixml7hmzrebstm2iwxwwkemq,,2,"[{""DealCid"":""bafyreichybqhut4fchshwajfbjmsbbxppjncvpdk2666r57f5tmqptkrzq"",""MinerFid"":""f02301"",""StartEpoch"":2878137,""Cost"":""""}]"
a18f3b34-be7c-4baa-9bd0-aa0fc8d9a885,,,,17180886010,QmaLfB7Rp7DTYpUWYQECLiK5fXCfbybNoPU2cx866rm5mM.car,QmaLfB7Rp7DTYpUWYQECLiK5fXCfbybNoPU2cx866rm5mM.car,,http://download2.storefrontiers.cn/ipfs/QmX3KSkQgLh9RU7W6DfpZL5YRibDeE4gsJLWpJCFfSxJZM,34091302912,QmaLfB7Rp7DTYpUWYQECLiK5fXCfbybNoPU2cx866rm5mM,baga6ea4seaqoek4mlaevplw3knaz2ithg4gdk7fixml7hmzrebstm2iwxwwkemq,,2,"[{""DealCid"":""bafyreidom47z3iv6it6675fmeyv2c4my4oknxqtibtihsusocdorzvla6y"",""MinerFid"":""f08399"",""StartEpoch"":2878137,""Cost"":""""}]"
a18f3b34-be7c-4baa-9bd0-aa0fc8d9a885,,,,17180886010,QmaLfB7Rp7DTYpUWYQECLiK5fXCfbybNoPU2cx866rm5mM.car,QmaLfB7Rp7DTYpUWYQECLiK5fXCfbybNoPU2cx866rm5mM.car,,http://download2.storefrontiers.cn/ipfs/QmX3KSkQgLh9RU7W6DfpZL5YRibDeE4gsJLWpJCFfSxJZM,34091302912,QmaLfB7Rp7DTYpUWYQECLiK5fXCfbybNoPU2cx866rm5mM,baga6ea4seaqoek4mlaevplw3knaz2ithg4gdk7fixml7hmzrebstm2iwxwwkemq,,2,"[{""DealCid"":""bafyreigvyd36g6cvawyutzp6ds7miha5xqi35tfh5bsm35zmf4lncyb63a"",""MinerFid"":""f01163272"",""StartEpoch"":2878137,""Cost"":""""}]"
a18f3b34-be7c-4baa-9bd0-aa0fc8d9a885,,,,17180886010,QmaLfB7Rp7DTYpUWYQECLiK5fXCfbybNoPU2cx866rm5mM.car,QmaLfB7Rp7DTYpUWYQECLiK5fXCfbybNoPU2cx866rm5mM.car,,http://download2.storefrontiers.cn/ipfs/QmX3KSkQgLh9RU7W6DfpZL5YRibDeE4gsJLWpJCFfSxJZM,34091302912,QmaLfB7Rp7DTYpUWYQECLiK5fXCfbybNoPU2cx866rm5mM,baga6ea4seaqoek4mlaevplw3knaz2ithg4gdk7fixml7hmzrebstm2iwxwwkemq,,2,"[{""DealCid"":""bafyreif5qiyffjoh3y3msjyq5sdry2tv3eiiy3ngzmuogho24nzmchan4y"",""MinerFid"":""f02003005"",""StartEpoch"":2878137,""Cost"":""""}]"
a18f3b34-be7c-4baa-9bd0-aa0fc8d9a885,,,,17180886010,QmaLfB7Rp7DTYpUWYQECLiK5fXCfbybNoPU2cx866rm5mM.car,QmaLfB7Rp7DTYpUWYQECLiK5fXCfbybNoPU2cx866rm5mM.car,,http://download2.storefrontiers.cn/ipfs/QmX3KSkQgLh9RU7W6DfpZL5YRibDeE4gsJLWpJCFfSxJZM,34091302912,QmaLfB7Rp7DTYpUWYQECLiK5fXCfbybNoPU2cx866rm5mM,baga6ea4seaqoek4mlaevplw3knaz2ithg4gdk7fixml7hmzrebstm2iwxwwkemq,,2,"[{""DealCid"":""bafyreieluwgxgd45ktv6xc5eztu3rxrovhmyapl2y2pfnzeyw2rkwvavea"",""MinerFid"":""f02012951"",""StartEpoch"":2878137,""Cost"":""""}]"
a18f3b34-be7c-4baa-9bd0-aa0fc8d9a885,,,,17180886010,QmaLfB7Rp7DTYpUWYQECLiK5fXCfbybNoPU2cx866rm5mM.car,QmaLfB7Rp7DTYpUWYQECLiK5fXCfbybNoPU2cx866rm5mM.car,,http://download2.storefrontiers.cn/ipfs/QmX3KSkQgLh9RU7W6DfpZL5YRibDeE4gsJLWpJCFfSxJZM,34091302912,QmaLfB7Rp7DTYpUWYQECLiK5fXCfbybNoPU2cx866rm5mM,baga6ea4seaqoek4mlaevplw3knaz2ithg4gdk7fixml7hmzrebstm2iwxwwkemq,,2,"[{""DealCid"":""bafyreidwb6jbdugqrmv3i5s6eciw6qvutwkbwv6lhycmmidbyukbsc4k5e"",""MinerFid"":""f01888808"",""StartEpoch"":2878137,""Cost"":""""}]"
a18f3b34-be7c-4baa-9bd0-aa0fc8d9a885,,,,17180886010,QmaLfB7Rp7DTYpUWYQECLiK5fXCfbybNoPU2cx866rm5mM.car,QmaLfB7Rp7DTYpUWYQECLiK5fXCfbybNoPU2cx866rm5mM.car,,http://download2.storefrontiers.cn/ipfs/QmX3KSkQgLh9RU7W6DfpZL5YRibDeE4gsJLWpJCFfSxJZM,34091302912,QmaLfB7Rp7DTYpUWYQECLiK5fXCfbybNoPU2cx866rm5mM,baga6ea4seaqoek4mlaevplw3knaz2ithg4gdk7fixml7hmzrebstm2iwxwwkemq,,2,"[{""DealCid"":""bafyreihts5qubc6jacx4tgyvjxo5ivlgbpys76sbbthore462s745vsq5u"",""MinerFid"":""f01337533"",""StartEpoch"":2878137,""Cost"":""""}]"
a18f3b34-be7c-4baa-9bd0-aa0fc8d9a885,,,,17180886010,QmaLfB7Rp7DTYpUWYQECLiK5fXCfbybNoPU2cx866rm5mM.car,QmaLfB7Rp7DTYpUWYQECLiK5fXCfbybNoPU2cx866rm5mM.car,,http://download2.storefrontiers.cn/ipfs/QmX3KSkQgLh9RU7W6DfpZL5YRibDeE4gsJLWpJCFfSxJZM,34091302912,QmaLfB7Rp7DTYpUWYQECLiK5fXCfbybNoPU2cx866rm5mM,baga6ea4seaqoek4mlaevplw3knaz2ithg4gdk7fixml7hmzrebstm2iwxwwkemq,,2,"[{""DealCid"":""bafyreiaapqu7idljjkbqpa7lukakrkxgkp6rlatm5b65qehyk52nbdxyxe"",""MinerFid"":""f0717969"",""StartEpoch"":2878137,""Cost"":""""}]"
a18f3b34-be7c-4baa-9bd0-aa0fc8d9a885,,,,17180886010,QmaLfB7Rp7DTYpUWYQECLiK5fXCfbybNoPU2cx866rm5mM.car,QmaLfB7Rp7DTYpUWYQECLiK5fXCfbybNoPU2cx866rm5mM.car,,http://download2.storefrontiers.cn/ipfs/QmX3KSkQgLh9RU7W6DfpZL5YRibDeE4gsJLWpJCFfSxJZM,34091302912,QmaLfB7Rp7DTYpUWYQECLiK5fXCfbybNoPU2cx866rm5mM,baga6ea4seaqoek4mlaevplw3knaz2ithg4gdk7fixml7hmzrebstm2iwxwwkemq,,2,"[{""DealCid"":""bafyreifk4d7ugj5l5gmv4moemuv4tp777t3e6htqqic3vawj6apmddkxb4"",""MinerFid"":""f02186655"",""StartEpoch"":2878137,""Cost"":""""}]"
a18f3b34-be7c-4baa-9bd0-aa0fc8d9a885,,,,17180886010,QmaLfB7Rp7DTYpUWYQECLiK5fXCfbybNoPU2cx866rm5mM.car,QmaLfB7Rp7DTYpUWYQECLiK5fXCfbybNoPU2cx866rm5mM.car,,http://download2.storefrontiers.cn/ipfs/QmX3KSkQgLh9RU7W6DfpZL5YRibDeE4gsJLWpJCFfSxJZM,34091302912,QmaLfB7Rp7DTYpUWYQECLiK5fXCfbybNoPU2cx866rm5mM,baga6ea4seaqoek4mlaevplw3knaz2ithg4gdk7fixml7hmzrebstm2iwxwwkemq,,2,"[{""DealCid"":""bafyreicxodjrj4lemmchk7jsy3x6ncrgxuz366ionbfgklizhgjrp3raki"",""MinerFid"":""f01862564"",""StartEpoch"":2878137,""Cost"":""""}]"
a18f3b34-be7c-4baa-9bd0-aa0fc8d9a885,,,,17180886010,QmaLfB7Rp7DTYpUWYQECLiK5fXCfbybNoPU2cx866rm5mM.car,QmaLfB7Rp7DTYpUWYQECLiK5fXCfbybNoPU2cx866rm5mM.car,,http://download2.storefrontiers.cn/ipfs/QmX3KSkQgLh9RU7W6DfpZL5YRibDeE4gsJLWpJCFfSxJZM,34091302912,QmaLfB7Rp7DTYpUWYQECLiK5fXCfbybNoPU2cx866rm5mM,baga6ea4seaqoek4mlaevplw3knaz2ithg4gdk7fixml7hmzrebstm2iwxwwkemq,,2,"[{""DealCid"":""bafyreihk5zocmm3lk7ub4sly5juihdcv7u6xj5zeduavpefpd6zd6gexf4"",""MinerFid"":""f01225882"",""StartEpoch"":2878137,""Cost"":""""}]"
a18f3b34-be7c-4baa-9bd0-aa0fc8d9a885,,,,17180886010,QmaLfB7Rp7DTYpUWYQECLiK5fXCfbybNoPU2cx866rm5mM.car,QmaLfB7Rp7DTYpUWYQECLiK5fXCfbybNoPU2cx866rm5mM.car,,http://download2.storefrontiers.cn/ipfs/QmX3KSkQgLh9RU7W6DfpZL5YRibDeE4gsJLWpJCFfSxJZM,34091302912,QmaLfB7Rp7DTYpUWYQECLiK5fXCfbybNoPU2cx866rm5mM,baga6ea4seaqoek4mlaevplw3knaz2ithg4gdk7fixml7hmzrebstm2iwxwwkemq,,2,"[{""DealCid"":""bafyreihrqwh2m5wwowyfm3wbygivergdw5zhdiu2ftekvgtsnmcwrpa23i"",""MinerFid"":""f03223"",""StartEpoch"":2878137,""Cost"":""""}]"
a18f3b34-be7c-4baa-9bd0-aa0fc8d9a885,,,,17180886010,QmP5khVUU6F8MCa6HUoj2XMR2EnHueGhHiCoT6iDadEY6f.car,QmP5khVUU6F8MCa6HUoj2XMR2EnHueGhHiCoT6iDadEY6f.car,,http://download2.storefrontiers.cn/ipfs/QmVW1YVqjppJTXsFegJoohr1vAhnwz6KESGgg9s1nCLuiR,34091302912,QmP5khVUU6F8MCa6HUoj2XMR2EnHueGhHiCoT6iDadEY6f,baga6ea4seaqnuqepm2ifjuspqu5j55thjmdmyaj3fq6qrwmca4ihrc2qcbcbahy,,2,"[{""DealCid"":""bafyreice7p2vsh7mavd76hq4ctlxmg2r3632htukm6zwqtyw7ejdlf6y5i"",""MinerFid"":""f01222595"",""StartEpoch"":2878137,""Cost"":""""}]"
a18f3b34-be7c-4baa-9bd0-aa0fc8d9a885,,,,17180886010,QmP5khVUU6F8MCa6HUoj2XMR2EnHueGhHiCoT6iDadEY6f.car,QmP5khVUU6F8MCa6HUoj2XMR2EnHueGhHiCoT6iDadEY6f.car,,http://download2.storefrontiers.cn/ipfs/QmVW1YVqjppJTXsFegJoohr1vAhnwz6KESGgg9s1nCLuiR,34091302912,QmP5khVUU6F8MCa6HUoj2XMR2EnHueGhHiCoT6iDadEY6f,baga6ea4seaqnuqepm2ifjuspqu5j55thjmdmyaj3fq6qrwmca4ihrc2qcbcbahy,,2,"[{""DealCid"":""bafyreie2g2zpechhsq7vbzuefoqtioxx6zgzgifscdwmypwwqwjkgpy6gm"",""MinerFid"":""f08399"",""StartEpoch"":2878137,""Cost"":""""}]"
a18f3b34-be7c-4baa-9bd0-aa0fc8d9a885,,,,17180886010,QmP5khVUU6F8MCa6HUoj2XMR2EnHueGhHiCoT6iDadEY6f.car,QmP5khVUU6F8MCa6HUoj2XMR2EnHueGhHiCoT6iDadEY6f.car,,http://download2.storefrontiers.cn/ipfs/QmVW1YVqjppJTXsFegJoohr1vAhnwz6KESGgg9s1nCLuiR,34091302912,QmP5khVUU6F8MCa6HUoj2XMR2EnHueGhHiCoT6iDadEY6f,baga6ea4seaqnuqepm2ifjuspqu5j55thjmdmyaj3fq6qrwmca4ihrc2qcbcbahy,,2,"[{""DealCid"":""bafyreig33h4mljdsukynph5f6fgrtz3g45a4kkypy5ufxnw76635et6o5i"",""MinerFid"":""f0143858"",""StartEpoch"":2878137,""Cost"":""""}]"
a18f3b34-be7c-4baa-9bd0-aa0fc8d9a885,,,,17180886010,QmP5khVUU6F8MCa6HUoj2XMR2EnHueGhHiCoT6iDadEY6f.car,QmP5khVUU6F8MCa6HUoj2XMR2EnHueGhHiCoT6iDadEY6f.car,,http://download2.storefrontiers.cn/ipfs/QmVW1YVqjppJTXsFegJoohr1vAhnwz6KESGgg9s1nCLuiR,34091302912,QmP5khVUU6F8MCa6HUoj2XMR2EnHueGhHiCoT6iDadEY6f,baga6ea4seaqnuqepm2ifjuspqu5j55thjmdmyaj3fq6qrwmca4ihrc2qcbcbahy,,2,"[{""DealCid"":""bafyreiektzm4fromlnjtyvwz7jlm6gzenjkw43zyd4e4jnji2sj3wssgem"",""MinerFid"":""f02301"",""StartEpoch"":2878137,""Cost"":""""}]"
a18f3b34-be7c-4baa-9bd0-aa0fc8d9a885,,,,17180886010,QmP5khVUU6F8MCa6HUoj2XMR2EnHueGhHiCoT6iDadEY6f.car,QmP5khVUU6F8MCa6HUoj2XMR2EnHueGhHiCoT6iDadEY6f.car,,http://download2.storefrontiers.cn/ipfs/QmVW1YVqjppJTXsFegJoohr1vAhnwz6KESGgg9s1nCLuiR,34091302912,QmP5khVUU6F8MCa6HUoj2XMR2EnHueGhHiCoT6iDadEY6f,baga6ea4seaqnuqepm2ifjuspqu5j55thjmdmyaj3fq6qrwmca4ihrc2qcbcbahy,,2,"[{""DealCid"":""bafyreieypjvdvl4y63fhhc2e6eqarz5gbtycsucstft5w6tkiz3ywlbkha"",""MinerFid"":""f02003005"",""StartEpoch"":2878137,""Cost"":""""}]"
a18f3b34-be7c-4baa-9bd0-aa0fc8d9a885,,,,17180886010,QmP5khVUU6F8MCa6HUoj2XMR2EnHueGhHiCoT6iDadEY6f.car,QmP5khVUU6F8MCa6HUoj2XMR2EnHueGhHiCoT6iDadEY6f.car,,http://download2.storefrontiers.cn/ipfs/QmVW1YVqjppJTXsFegJoohr1vAhnwz6KESGgg9s1nCLuiR,34091302912,QmP5khVUU6F8MCa6HUoj2XMR2EnHueGhHiCoT6iDadEY6f,baga6ea4seaqnuqepm2ifjuspqu5j55thjmdmyaj3fq6qrwmca4ihrc2qcbcbahy,,2,"[{""DealCid"":""bafyreibe5rtum2y2uwsdg4crr3hbvsczrbeqx5u32474omnbvde6t6d7ne"",""MinerFid"":""f0717969"",""StartEpoch"":2878137,""Cost"":""""}]"
a18f3b34-be7c-4baa-9bd0-aa0fc8d9a885,,,,17180886010,QmP5khVUU6F8MCa6HUoj2XMR2EnHueGhHiCoT6iDadEY6f.car,QmP5khVUU6F8MCa6HUoj2XMR2EnHueGhHiCoT6iDadEY6f.car,,http://download2.storefrontiers.cn/ipfs/QmVW1YVqjppJTXsFegJoohr1vAhnwz6KESGgg9s1nCLuiR,34091302912,QmP5khVUU6F8MCa6HUoj2XMR2EnHueGhHiCoT6iDadEY6f,baga6ea4seaqnuqepm2ifjuspqu5j55thjmdmyaj3fq6qrwmca4ihrc2qcbcbahy,,2,"[{""DealCid"":""bafyreifq74rabgeosluqhdqs24a6jt36fg2scj2rx3qebnnqf5h2hlzyhi"",""MinerFid"":""f01862564"",""StartEpoch"":2878137,""Cost"":""""}]"
a18f3b34-be7c-4baa-9bd0-aa0fc8d9a885,,,,17180886010,QmP5khVUU6F8MCa6HUoj2XMR2EnHueGhHiCoT6iDadEY6f.car,QmP5khVUU6F8MCa6HUoj2XMR2EnHueGhHiCoT6iDadEY6f.car,,http://download2.storefrontiers.cn/ipfs/QmVW1YVqjppJTXsFegJoohr1vAhnwz6KESGgg9s1nCLuiR,34091302912,QmP5khVUU6F8MCa6HUoj2XMR2EnHueGhHiCoT6iDadEY6f,baga6ea4seaqnuqepm2ifjuspqu5j55thjmdmyaj3fq6qrwmca4ihrc2qcbcbahy,,2,"[{""DealCid"":""bafyreidfskddfnaffbso5ffycdaz4ysedxc7gkqu4sx5jnbi27h4griba4"",""MinerFid"":""f03223"",""StartEpoch"":2878137,""Cost"":""""}]"
a18f3b34-be7c-4baa-9bd0-aa0fc8d9a885,,,,17180886010,QmP5khVUU6F8MCa6HUoj2XMR2EnHueGhHiCoT6iDadEY6f.car,QmP5khVUU6F8MCa6HUoj2XMR2EnHueGhHiCoT6iDadEY6f.car,,http://download2.storefrontiers.cn/ipfs/QmVW1YVqjppJTXsFegJoohr1vAhnwz6KESGgg9s1nCLuiR,34091302912,QmP5khVUU6F8MCa6HUoj2XMR2EnHueGhHiCoT6iDadEY6f,baga6ea4seaqnuqepm2ifjuspqu5j55thjmdmyaj3fq6qrwmca4ihrc2qcbcbahy,,2,"[{""DealCid"":""bafyreifnntwvd6szvu5edhgozcx26invrtarhgx5s4d4stpmjw265crux4"",""MinerFid"":""f01337533"",""StartEpoch"":2878137,""Cost"":""""}]"
a18f3b34-be7c-4baa-9bd0-aa0fc8d9a885,,,,17180886010,QmP5khVUU6F8MCa6HUoj2XMR2EnHueGhHiCoT6iDadEY6f.car,QmP5khVUU6F8MCa6HUoj2XMR2EnHueGhHiCoT6iDadEY6f.car,,http://download2.storefrontiers.cn/ipfs/QmVW1YVqjppJTXsFegJoohr1vAhnwz6KESGgg9s1nCLuiR,34091302912,QmP5khVUU6F8MCa6HUoj2XMR2EnHueGhHiCoT6iDadEY6f,baga6ea4seaqnuqepm2ifjuspqu5j55thjmdmyaj3fq6qrwmca4ihrc2qcbcbahy,,2,"[{""DealCid"":""bafyreidtlzi2i6cm4lhp6g6glhrk7qgul6hxys2dxwdvbk7w2svlf5azni"",""MinerFid"":""f01888808"",""StartEpoch"":2878137,""Cost"":""""}]"
a18f3b34-be7c-4baa-9bd0-aa0fc8d9a885,,,,17180886010,QmP5khVUU6F8MCa6HUoj2XMR2EnHueGhHiCoT6iDadEY6f.car,QmP5khVUU6F8MCa6HUoj2XMR2EnHueGhHiCoT6iDadEY6f.car,,http://download2.storefrontiers.cn/ipfs/QmVW1YVqjppJTXsFegJoohr1vAhnwz6KESGgg9s1nCLuiR,34091302912,QmP5khVUU6F8MCa6HUoj2XMR2EnHueGhHiCoT6iDadEY6f,baga6ea4seaqnuqepm2ifjuspqu5j55thjmdmyaj3fq6qrwmca4ihrc2qcbcbahy,,2,"[{""DealCid"":""bafyreiadmzj6tn7iorkiyifbxwxcgwfu3qumwdwllh7oqebuw422s7mnce"",""MinerFid"":""f0240185"",""StartEpoch"":2878137,""Cost"":""""}]"
a18f3b34-be7c-4baa-9bd0-aa0fc8d9a885,,,,17180886010,QmP5khVUU6F8MCa6HUoj2XMR2EnHueGhHiCoT6iDadEY6f.car,QmP5khVUU6F8MCa6HUoj2XMR2EnHueGhHiCoT6iDadEY6f.car,,http://download2.storefrontiers.cn/ipfs/QmVW1YVqjppJTXsFegJoohr1vAhnwz6KESGgg9s1nCLuiR,34091302912,QmP5khVUU6F8MCa6HUoj2XMR2EnHueGhHiCoT6iDadEY6f,baga6ea4seaqnuqepm2ifjuspqu5j55thjmdmyaj3fq6qrwmca4ihrc2qcbcbahy,,2,"[{""DealCid"":""bafyreibs2vuur7mq63ausjjxxo3bxprr7e5as2deh2hfkegpzma6gruica"",""MinerFid"":""f01163272"",""StartEpoch"":2878137,""Cost"":""""}]"
a18f3b34-be7c-4baa-9bd0-aa0fc8d9a885,,,,17180886010,QmP5khVUU6F8MCa6HUoj2XMR2EnHueGhHiCoT6iDadEY6f.car,QmP5khVUU6F8MCa6HUoj2XMR2EnHueGhHiCoT6iDadEY6f.car,,http://download2.storefrontiers.cn/ipfs/QmVW1YVqjppJTXsFegJoohr1vAhnwz6KESGgg9s1nCLuiR,34091302912,QmP5khVUU6F8MCa6HUoj2XMR2EnHueGhHiCoT6iDadEY6f,baga6ea4seaqnuqepm2ifjuspqu5j55thjmdmyaj3fq6qrwmca4ihrc2qcbcbahy,,2,"[{""DealCid"":""bafyreibzidqxcp5ttxjplntdmn2wrklose6q2fc7h4hjmnpsf7ayyir2di"",""MinerFid"":""f01225882"",""StartEpoch"":2878137,""Cost"":""""}]"
a18f3b34-be7c-4baa-9bd0-aa0fc8d9a885,,,,17180886010,QmTZoj3nhnd9xVUJQ3nznnA4Re2GgfLMWsMVB8obtUjVtg.car,QmTZoj3nhnd9xVUJQ3nznnA4Re2GgfLMWsMVB8obtUjVtg.car,,http://download2.storefrontiers.cn/ipfs/QmS1ihC73Lp5AjndDtRdiQt62Luwc4UFHmG8zgdn53R6EB,34091302912,QmTZoj3nhnd9xVUJQ3nznnA4Re2GgfLMWsMVB8obtUjVtg,baga6ea4seaqk64g4pzendec2nzd6h3kfn7yfwm437qzv2e6igxxrrjm25gg5uoi,,2,"[{""DealCid"":""bafyreialj2rmdgwubdwslggzyfof75pmrtixw6r4ianrwvx2cukmycn6ma"",""MinerFid"":""f08399"",""StartEpoch"":2878137,""Cost"":""""}]"
a18f3b34-be7c-4baa-9bd0-aa0fc8d9a885,,,,17180886010,QmTZoj3nhnd9xVUJQ3nznnA4Re2GgfLMWsMVB8obtUjVtg.car,QmTZoj3nhnd9xVUJQ3nznnA4Re2GgfLMWsMVB8obtUjVtg.car,,http://download2.storefrontiers.cn/ipfs/QmS1ihC73Lp5AjndDtRdiQt62Luwc4UFHmG8zgdn53R6EB,34091302912,QmTZoj3nhnd9xVUJQ3nznnA4Re2GgfLMWsMVB8obtUjVtg,baga6ea4seaqk64g4pzendec2nzd6h3kfn7yfwm437qzv2e6igxxrrjm25gg5uoi,,2,"[{""DealCid"":""bafyreigtciwlqawlvzhcxs4rdlzo5qal3hxoblnkik7hq3mxkqjoswejx4"",""MinerFid"":""f01337533"",""StartEpoch"":2878137,""Cost"":""""}]"
a18f3b34-be7c-4baa-9bd0-aa0fc8d9a885,,,,17180886010,QmTZoj3nhnd9xVUJQ3nznnA4Re2GgfLMWsMVB8obtUjVtg.car,QmTZoj3nhnd9xVUJQ3nznnA4Re2GgfLMWsMVB8obtUjVtg.car,,http://download2.storefrontiers.cn/ipfs/QmS1ihC73Lp5AjndDtRdiQt62Luwc4UFHmG8zgdn53R6EB,34091302912,QmTZoj3nhnd9xVUJQ3nznnA4Re2GgfLMWsMVB8obtUjVtg,baga6ea4seaqk64g4pzendec2nzd6h3kfn7yfwm437qzv2e6igxxrrjm25gg5uoi,,2,"[{""DealCid"":""bafyreidhwtbj73btxsbzqclt7xzfqtgbzdff3csa5lrb7vwcvo3ibpbqra"",""MinerFid"":""f02301"",""StartEpoch"":2878137,""Cost"":""""}]"
a18f3b34-be7c-4baa-9bd0-aa0fc8d9a885,,,,17180886010,QmTZoj3nhnd9xVUJQ3nznnA4Re2GgfLMWsMVB8obtUjVtg.car,QmTZoj3nhnd9xVUJQ3nznnA4Re2GgfLMWsMVB8obtUjVtg.car,,http://download2.storefrontiers.cn/ipfs/QmS1ihC73Lp5AjndDtRdiQt62Luwc4UFHmG8zgdn53R6EB,34091302912,QmTZoj3nhnd9xVUJQ3nznnA4Re2GgfLMWsMVB8obtUjVtg,baga6ea4seaqk64g4pzendec2nzd6h3kfn7yfwm437qzv2e6igxxrrjm25gg5uoi,,2,"[{""DealCid"":""bafyreih3c67zpvuewlffwzzfw4vmx3d5iw4dmkngy5lnk7gfoggdmg3ktq"",""MinerFid"":""f01222595"",""StartEpoch"":2878137,""Cost"":""""}]"
a18f3b34-be7c-4baa-9bd0-aa0fc8d9a885,,,,17180886010,QmTZoj3nhnd9xVUJQ3nznnA4Re2GgfLMWsMVB8obtUjVtg.car,QmTZoj3nhnd9xVUJQ3nznnA4Re2GgfLMWsMVB8obtUjVtg.car,,http://download2.storefrontiers.cn/ipfs/QmS1ihC73Lp5AjndDtRdiQt62Luwc4UFHmG8zgdn53R6EB,34091302912,QmTZoj3nhnd9xVUJQ3nznnA4Re2GgfLMWsMVB8obtUjVtg,baga6ea4seaqk64g4pzendec2nzd6h3kfn7yfwm437qzv2e6igxxrrjm25gg5uoi,,2,"[{""DealCid"":""bafyreihmsjmfq3m6mgsla7y5na4w4fch4xob5phamljw4jpthszkx7n7em"",""MinerFid"":""f02012951"",""StartEpoch"":2878137,""Cost"":""""}]"
a18f3b34-be7c-4baa-9bd0-aa0fc8d9a885,,,,17180886010,QmTZoj3nhnd9xVUJQ3nznnA4Re2GgfLMWsMVB8obtUjVtg.car,QmTZoj3nhnd9xVUJQ3nznnA4Re2GgfLMWsMVB8obtUjVtg.car,,http://download2.storefrontiers.cn/ipfs/QmS1ihC73Lp5AjndDtRdiQt62Luwc4UFHmG8zgdn53R6EB,34091302912,QmTZoj3nhnd9xVUJQ3nznnA4Re2GgfLMWsMVB8obtUjVtg,baga6ea4seaqk64g4pzendec2nzd6h3kfn7yfwm437qzv2e6igxxrrjm25gg5uoi,,2,"[{""DealCid"":""bafyreifi3fc2rmg7d6mwrf27rjxj3fsqwigavr3mgtnk5ufwhig3ograai"",""MinerFid"":""f01862564"",""StartEpoch"":2878137,""Cost"":""""}]"
a18f3b34-be7c-4baa-9bd0-aa0fc8d9a885,,,,17180886010,QmTZoj3nhnd9xVUJQ3nznnA4Re2GgfLMWsMVB8obtUjVtg.car,QmTZoj3nhnd9xVUJQ3nznnA4Re2GgfLMWsMVB8obtUjVtg.car,,http://download2.storefrontiers.cn/ipfs/QmS1ihC73Lp5AjndDtRdiQt62Luwc4UFHmG8zgdn53R6EB,34091302912,QmTZoj3nhnd9xVUJQ3nznnA4Re2GgfLMWsMVB8obtUjVtg,baga6ea4seaqk64g4pzendec2nzd6h3kfn7yfwm437qzv2e6igxxrrjm25gg5uoi,,2,"[{""DealCid"":""bafyreihgu2nf5yb4hifmchbmvb6uqe7pxmuzlfzfn4gtx7xjvmnblg7sem"",""MinerFid"":""f0717969"",""StartEpoch"":2878137,""Cost"":""""}]"
a18f3b34-be7c-4baa-9bd0-aa0fc8d9a885,,,,17180886010,QmTZoj3nhnd9xVUJQ3nznnA4Re2GgfLMWsMVB8obtUjVtg.car,QmTZoj3nhnd9xVUJQ3nznnA4Re2GgfLMWsMVB8obtUjVtg.car,,http://download2.storefrontiers.cn/ipfs/QmS1ihC73Lp5AjndDtRdiQt62Luwc4UFHmG8zgdn53R6EB,34091302912,QmTZoj3nhnd9xVUJQ3nznnA4Re2GgfLMWsMVB8obtUjVtg,baga6ea4seaqk64g4pzendec2nzd6h3kfn7yfwm437qzv2e6igxxrrjm25gg5uoi,,2,"[{""DealCid"":""bafyreigifqgjpcxirdiwabyej5qmgewmc52wgbjjrcxoqalkvaxpmbzbnm"",""MinerFid"":""f01163272"",""StartEpoch"":2878137,""Cost"":""""}]"
a18f3b34-be7c-4baa-9bd0-aa0fc8d9a885,,,,17180886010,QmTZoj3nhnd9xVUJQ3nznnA4Re2GgfLMWsMVB8obtUjVtg.car,QmTZoj3nhnd9xVUJQ3nznnA4Re2GgfLMWsMVB8obtUjVtg.car,,http://download2.storefrontiers.cn/ipfs/QmS1ihC73Lp5AjndDtRdiQt62Luwc4UFHmG8zgdn53R6EB,34091302912,QmTZoj3nhnd9xVUJQ3nznnA4Re2GgfLMWsMVB8obtUjVtg,baga6ea4seaqk64g4pzendec2nzd6h3kfn7yfwm437qzv2e6igxxrrjm25gg5uoi,,2,"[{""DealCid"":""bafyreibdzncls76hcbt6ozf4ieukyy4za6a2n2qgfuqlp7j3cauzr62l2u"",""MinerFid"":""f01888808"",""StartEpoch"":2878137,""Cost"":""""}]"
a18f3b34-be7c-4baa-9bd0-aa0fc8d9a885,,,,17180886010,QmTZoj3nhnd9xVUJQ3nznnA4Re2GgfLMWsMVB8obtUjVtg.car,QmTZoj3nhnd9xVUJQ3nznnA4Re2GgfLMWsMVB8obtUjVtg.car,,http://download2.storefrontiers.cn/ipfs/QmS1ihC73Lp5AjndDtRdiQt62Luwc4UFHmG8zgdn53R6EB,34091302912,QmTZoj3nhnd9xVUJQ3nznnA4Re2GgfLMWsMVB8obtUjVtg,baga6ea4seaqk64g4pzendec2nzd6h3kfn7yfwm437qzv2e6igxxrrjm25gg5uoi,,2,"[{""DealCid"":""bafyreicnuxjauixbub5fqclcpohtypcmwn6453cbsz73zisc623ugywgha"",""MinerFid"":""f0143858"",""StartEpoch"":2878137,""Cost"":""""}]"
a18f3b34-be7c-4baa-9bd0-aa0fc8d9a885,,,,17180886010,QmTZoj3nhnd9xVUJQ3nznnA4Re2GgfLMWsMVB8obtUjVtg.car,QmTZoj3nhnd9xVUJQ3nznnA4Re2GgfLMWsMVB8obtUjVtg.car,,http://download2.storefrontiers.cn/ipfs/QmS1ihC73Lp5AjndDtRdiQt62Luwc4UFHmG8zgdn53R6EB,34091302912,QmTZoj3nhnd9xVUJQ3nznnA4Re2GgfLMWsMVB8obtUjVtg,baga6ea4seaqk64g4pzendec2nzd6h3kfn7yfwm437qzv2e6igxxrrjm25gg5uoi,,2,"[{""DealCid"":""bafyreielljoayieoyx3r5x234io3avzr34mkmdfratlbbueid6jwxohdoq"",""MinerFid"":""f01225882"",""StartEpoch"":2878137,""Cost"":""""}]"
a18f3b34-be7c-4baa-9bd0-aa0fc8d9a885,,,,17180886010,Qmcd6WuFWL21s4hvq61S4Z5YobHNcmd9LzCQkabNS3THrH.car,Qmcd6WuFWL21s4hvq61S4Z5YobHNcmd9LzCQkabNS3THrH.car,,http://download2.storefrontiers.cn/ipfs/QmS2ui31h9z75vQTUbPRMRAXJ1k3X1gExE4KXSBtN6qbKp,34091302912,Qmcd6WuFWL21s4hvq61S4Z5YobHNcmd9LzCQkabNS3THrH,baga6ea4seaqcp2vi37u6fyiejl6s7oefyhdjucutv6i2agvqlpubvsywokbs4eq,,2,"[{""DealCid"":""bafyreieg3ebmldfe5msco6diirtbox7khgdfolrml26lzt7je34tbkjqsa"",""MinerFid"":""f02301"",""StartEpoch"":2878137,""Cost"":""""}]"
a18f3b34-be7c-4baa-9bd0-aa0fc8d9a885,,,,17180886010,Qmcd6WuFWL21s4hvq61S4Z5YobHNcmd9LzCQkabNS3THrH.car,Qmcd6WuFWL21s4hvq61S4Z5YobHNcmd9LzCQkabNS3THrH.car,,http://download2.storefrontiers.cn/ipfs/QmS2ui31h9z75vQTUbPRMRAXJ1k3X1gExE4KXSBtN6qbKp,34091302912,Qmcd6WuFWL21s4hvq61S4Z5YobHNcmd9LzCQkabNS3THrH,baga6ea4seaqcp2vi37u6fyiejl6s7oefyhdjucutv6i2agvqlpubvsywokbs4eq,,2,"[{""DealCid"":""bafyreihmdcoq6lt6ulksr2vshihgl5upforlev7gq4omapoai7z7yaghlq"",""MinerFid"":""f0240185"",""StartEpoch"":2878137,""Cost"":""""}]"
a18f3b34-be7c-4baa-9bd0-aa0fc8d9a885,,,,17180886010,Qmcd6WuFWL21s4hvq61S4Z5YobHNcmd9LzCQkabNS3THrH.car,Qmcd6WuFWL21s4hvq61S4Z5YobHNcmd9LzCQkabNS3THrH.car,,http://download2.storefrontiers.cn/ipfs/QmS2ui31h9z75vQTUbPRMRAXJ1k3X1gExE4KXSBtN6qbKp,34091302912,Qmcd6WuFWL21s4hvq61S4Z5YobHNcmd9LzCQkabNS3THrH,baga6ea4seaqcp2vi37u6fyiejl6s7oefyhdjucutv6i2agvqlpubvsywokbs4eq,,2,"[{""DealCid"":""bafyreidvc6ymox2sw2m6h2eoxd6sj2txytw5rix6ni5cmv46qfxpdulnaq"",""MinerFid"":""f02012951"",""StartEpoch"":2878137,""Cost"":""""}]"
a18f3b34-be7c-4baa-9bd0-aa0fc8d9a885,,,,17180886010,Qmcd6WuFWL21s4hvq61S4Z5YobHNcmd9LzCQkabNS3THrH.car,Qmcd6WuFWL21s4hvq61S4Z5YobHNcmd9LzCQkabNS3THrH.car,,http://download2.storefrontiers.cn/ipfs/QmS2ui31h9z75vQTUbPRMRAXJ1k3X1gExE4KXSBtN6qbKp,34091302912,Qmcd6WuFWL21s4hvq61S4Z5YobHNcmd9LzCQkabNS3THrH,baga6ea4seaqcp2vi37u6fyiejl6s7oefyhdjucutv6i2agvqlpubvsywokbs4eq,,2,"[{""DealCid"":""bafyreictaned75spfu4wk24kobirebktpysynvgbfgceyxtpjuvxchwz4e"",""MinerFid"":""f0717969"",""StartEpoch"":2878137,""Cost"":""""}]"
a18f3b34-be7c-4baa-9bd0-aa0fc8d9a885,,,,17180886010,Qmcd6WuFWL21s4hvq61S4Z5YobHNcmd9LzCQkabNS3THrH.car,Qmcd6WuFWL21s4hvq61S4Z5YobHNcmd9LzCQkabNS3THrH.car,,http://download2.storefrontiers.cn/ipfs/QmS2ui31h9z75vQTUbPRMRAXJ1k3X1gExE4KXSBtN6qbKp,34091302912,Qmcd6WuFWL21s4hvq61S4Z5YobHNcmd9LzCQkabNS3THrH,baga6ea4seaqcp2vi37u6fyiejl6s7oefyhdjucutv6i2agvqlpubvsywokbs4eq,,2,"[{""DealCid"":""bafyreidkoygbr2nx6bjsba4la7npkitnvz7z4r3riivekibjg3wabk54pu"",""MinerFid"":""f01163272"",""StartEpoch"":2878137,""Cost"":""""}]"
a18f3b34-be7c-4baa-9bd0-aa0fc8d9a885,,,,17180886010,Qmcd6WuFWL21s4hvq61S4Z5YobHNcmd9LzCQkabNS3THrH.car,Qmcd6WuFWL21s4hvq61S4Z5YobHNcmd9LzCQkabNS3THrH.car,,http://download2.storefrontiers.cn/ipfs/QmS2ui31h9z75vQTUbPRMRAXJ1k3X1gExE4KXSBtN6qbKp,34091302912,Qmcd6WuFWL21s4hvq61S4Z5YobHNcmd9LzCQkabNS3THrH,baga6ea4seaqcp2vi37u6fyiejl6s7oefyhdjucutv6i2agvqlpubvsywokbs4eq,,2,"[{""DealCid"":""bafyreiasdueokige27hrzsql5l7azbm4zgu4mhni2vfo2ni3nlgpbbd6ya"",""MinerFid"":""f01862564"",""StartEpoch"":2878137,""Cost"":""""}]"
a18f3b34-be7c-4baa-9bd0-aa0fc8d9a885,,,,17180886010,Qmcd6WuFWL21s4hvq61S4Z5YobHNcmd9LzCQkabNS3THrH.car,Qmcd6WuFWL21s4hvq61S4Z5YobHNcmd9LzCQkabNS3THrH.car,,http://download2.storefrontiers.cn/ipfs/QmS2ui31h9z75vQTUbPRMRAXJ1k3X1gExE4KXSBtN6qbKp,34091302912,Qmcd6WuFWL21s4hvq61S4Z5YobHNcmd9LzCQkabNS3THrH,baga6ea4seaqcp2vi37u6fyiejl6s7oefyhdjucutv6i2agvqlpubvsywokbs4eq,,2,"[{""DealCid"":""bafyreicfbjx457hilzzvaspt25mnnartdmemavm3ccpn57mrn4avy3mnyy"",""MinerFid"":""f02003005"",""StartEpoch"":2878137,""Cost"":""""}]"
a18f3b34-be7c-4baa-9bd0-aa0fc8d9a885,,,,17180886010,Qmcd6WuFWL21s4hvq61S4Z5YobHNcmd9LzCQkabNS3THrH.car,Qmcd6WuFWL21s4hvq61S4Z5YobHNcmd9LzCQkabNS3THrH.car,,http://download2.storefrontiers.cn/ipfs/QmS2ui31h9z75vQTUbPRMRAXJ1k3X1gExE4KXSBtN6qbKp,34091302912,Qmcd6WuFWL21s4hvq61S4Z5YobHNcmd9LzCQkabNS3THrH,baga6ea4seaqcp2vi37u6fyiejl6s7oefyhdjucutv6i2agvqlpubvsywokbs4eq,,2,"[{""DealCid"":""bafyreidnuno6fz2hykn6uvdwbjdnbsn2zfsqcmqx3vuxytuomwh7h7psby"",""MinerFid"":""f03223"",""StartEpoch"":2878137,""Cost"":""""}]"
a18f3b34-be7c-4baa-9bd0-aa0fc8d9a885,,,,17180886010,Qmcd6WuFWL21s4hvq61S4Z5YobHNcmd9LzCQkabNS3THrH.car,Qmcd6WuFWL21s4hvq61S4Z5YobHNcmd9LzCQkabNS3THrH.car,,http://download2.storefrontiers.cn/ipfs/QmS2ui31h9z75vQTUbPRMRAXJ1k3X1gExE4KXSBtN6qbKp,34091302912,Qmcd6WuFWL21s4hvq61S4Z5YobHNcmd9LzCQkabNS3THrH,baga6ea4seaqcp2vi37u6fyiejl6s7oefyhdjucutv6i2agvqlpubvsywokbs4eq,,2,"[{""DealCid"":""bafyreid344g2b4tjh3vmj57xrz52gttgr6hahpblnthrdxb5vghyoquvby"",""MinerFid"":""f08399"",""StartEpoch"":2878137,""Cost"":""""}]"
a18f3b34-be7c-4baa-9bd0-aa0fc8d9a885,,,,17180886010,Qmcd6WuFWL21s4hvq61S4Z5YobHNcmd9LzCQkabNS3THrH.car,Qmcd6WuFWL21s4hvq61S4Z5YobHNcmd9LzCQkabNS3THrH.car,,http://download2.storefrontiers.cn/ipfs/QmS2ui31h9z75vQTUbPRMRAXJ1k3X1gExE4KXSBtN6qbKp,34091302912,Qmcd6WuFWL21s4hvq61S4Z5YobHNcmd9LzCQkabNS3THrH,baga6ea4seaqcp2vi37u6fyiejl6s7oefyhdjucutv6i2agvqlpubvsywokbs4eq,,2,"[{""DealCid"":""bafyreichwc5frw62bc4qjvgz36q42js3af7jobhtnjcp74ifoak26gmcl4"",""MinerFid"":""f02186655"",""StartEpoch"":2878137,""Cost"":""""}]"
a18f3b34-be7c-4baa-9bd0-aa0fc8d9a885,,,,17180886010,Qmcd6WuFWL21s4hvq61S4Z5YobHNcmd9LzCQkabNS3THrH.car,Qmcd6WuFWL21s4hvq61S4Z5YobHNcmd9LzCQkabNS3THrH.car,,http://download2.storefrontiers.cn/ipfs/QmS2ui31h9z75vQTUbPRMRAXJ1k3X1gExE4KXSBtN6qbKp,34091302912,Qmcd6WuFWL21s4hvq61S4Z5YobHNcmd9LzCQkabNS3THrH,baga6ea4seaqcp2vi37u6fyiejl6s7oefyhdjucutv6i2agvqlpubvsywokbs4eq,,2,"[{""DealCid"":""bafyreibjpjj7x2gcaep74dl7kd2j3mhcmd2n72kc7cxkcxxs4rqfcdxram"",""MinerFid"":""f01888808"",""StartEpoch"":2878137,""Cost"":""""}]"
a18f3b34-be7c-4baa-9bd0-aa0fc8d9a885,,,,17180886010,Qmcd6WuFWL21s4hvq61S4Z5YobHNcmd9LzCQkabNS3THrH.car,Qmcd6WuFWL21s4hvq61S4Z5YobHNcmd9LzCQkabNS3THrH.car,,http://download2.storefrontiers.cn/ipfs/QmS2ui31h9z75vQTUbPRMRAXJ1k3X1gExE4KXSBtN6qbKp,34091302912,Qmcd6WuFWL21s4hvq61S4Z5YobHNcmd9LzCQkabNS3THrH,baga6ea4seaqcp2vi37u6fyiejl6s7oefyhdjucutv6i2agvqlpubvsywokbs4eq,,2,"[{""DealCid"":""bafyreige7qdpmih3gyorlpohyvsa4fqfqe74urpjqbc4xv4zto3douhxsy"",""MinerFid"":""f01225882"",""StartEpoch"":2878137,""Cost"":""""}]"
a18f3b34-be7c-4baa-9bd0-aa0fc8d9a885,,,,17180886010,Qmcd6WuFWL21s4hvq61S4Z5YobHNcmd9LzCQkabNS3THrH.car,Qmcd6WuFWL21s4hvq61S4Z5YobHNcmd9LzCQkabNS3THrH.car,,http://download2.storefrontiers.cn/ipfs/QmS2ui31h9z75vQTUbPRMRAXJ1k3X1gExE4KXSBtN6qbKp,34091302912,Qmcd6WuFWL21s4hvq61S4Z5YobHNcmd9LzCQkabNS3THrH,baga6ea4seaqcp2vi37u6fyiejl6s7oefyhdjucutv6i2agvqlpubvsywokbs4eq,,2,"[{""DealCid"":""bafyreiauwa3fqpr3l762mmmdltxbwrkcvumxzqi5ni3btnr7ibkhp43saq"",""MinerFid"":""f0143858"",""StartEpoch"":2878137,""Cost"":""""}]"
a18f3b34-be7c-4baa-9bd0-aa0fc8d9a885,,,,17180886010,Qmcd6WuFWL21s4hvq61S4Z5YobHNcmd9LzCQkabNS3THrH.car,Qmcd6WuFWL21s4hvq61S4Z5YobHNcmd9LzCQkabNS3THrH.car,,http://download2.storefrontiers.cn/ipfs/QmS2ui31h9z75vQTUbPRMRAXJ1k3X1gExE4KXSBtN6qbKp,34091302912,Qmcd6WuFWL21s4hvq61S4Z5YobHNcmd9LzCQkabNS3THrH,baga6ea4seaqcp2vi37u6fyiejl6s7oefyhdjucutv6i2agvqlpubvsywokbs4eq,,2,"[{""DealCid"":""bafyreifzamhrm4pwxdwxrx3g6qkhfngcjfjvezcorq2u6ewfs6noqctoj4"",""MinerFid"":""f01337533"",""StartEpoch"":2878137,""Cost"":""""}]"
a18f3b34-be7c-4baa-9bd0-aa0fc8d9a885,,,,17180886010,QmNYpUtumVX1vUF9YDGxFqrsmotvkSWttCkscKtcTHtH4e.car,QmNYpUtumVX1vUF9YDGxFqrsmotvkSWttCkscKtcTHtH4e.car,,http://download2.storefrontiers.cn/ipfs/QmeiUZkzVXKcZusXT86WxcU8NqHZ5XsEtSAPsurbkmAe4C,34091302912,QmNYpUtumVX1vUF9YDGxFqrsmotvkSWttCkscKtcTHtH4e,baga6ea4seaqpnznzyf4sqn2wthsfhxkjchy5srqqexrhqouqel2z7agsi42uyda,,2,"[{""DealCid"":""bafyreiapkqbx2m37qgi76dc5y4hkp3o7v3wsdo2x3ybjpshqfslivxfu5i"",""MinerFid"":""f08399"",""StartEpoch"":2878137,""Cost"":""""}]"
a18f3b34-be7c-4baa-9bd0-aa0fc8d9a885,,,,17180886010,QmNYpUtumVX1vUF9YDGxFqrsmotvkSWttCkscKtcTHtH4e.car,QmNYpUtumVX1vUF9YDGxFqrsmotvkSWttCkscKtcTHtH4e.car,,http://download2.storefrontiers.cn/ipfs/QmeiUZkzVXKcZusXT86WxcU8NqHZ5XsEtSAPsurbkmAe4C,34091302912,QmNYpUtumVX1vUF9YDGxFqrsmotvkSWttCkscKtcTHtH4e,baga6ea4seaqpnznzyf4sqn2wthsfhxkjchy5srqqexrhqouqel2z7agsi42uyda,,2,"[{""DealCid"":""bafyreicqyfzbdkwbctrrk2phuyoti7irzdxpfsslz3cs4qpenlmjufnwv4"",""MinerFid"":""f02301"",""StartEpoch"":2878137,""Cost"":""""}]"
a18f3b34-be7c-4baa-9bd0-aa0fc8d9a885,,,,17180886010,QmNYpUtumVX1vUF9YDGxFqrsmotvkSWttCkscKtcTHtH4e.car,QmNYpUtumVX1vUF9YDGxFqrsmotvkSWttCkscKtcTHtH4e.car,,http://download2.storefrontiers.cn/ipfs/QmeiUZkzVXKcZusXT86WxcU8NqHZ5XsEtSAPsurbkmAe4C,34091302912,QmNYpUtumVX1vUF9YDGxFqrsmotvkSWttCkscKtcTHtH4e,baga6ea4seaqpnznzyf4sqn2wthsfhxkjchy5srqqexrhqouqel2z7agsi42uyda,,2,"[{""DealCid"":""bafyreihmyntrmzettb3p7kijh43hb3fcx7qthth5uw42izygpethrjsuwe"",""MinerFid"":""f02186655"",""StartEpoch"":2878137,""Cost"":""""}]"
a18f3b34-be7c-4baa-9bd0-aa0fc8d9a885,,,,17180886010,QmNYpUtumVX1vUF9YDGxFqrsmotvkSWttCkscKtcTHtH4e.car,QmNYpUtumVX1vUF9YDGxFqrsmotvkSWttCkscKtcTHtH4e.car,,http://download2.storefrontiers.cn/ipfs/QmeiUZkzVXKcZusXT86WxcU8NqHZ5XsEtSAPsurbkmAe4C,34091302912,QmNYpUtumVX1vUF9YDGxFqrsmotvkSWttCkscKtcTHtH4e,baga6ea4seaqpnznzyf4sqn2wthsfhxkjchy5srqqexrhqouqel2z7agsi42uyda,,2,"[{""DealCid"":""bafyreiejhxhzzfvbqcqaynbrkh3f56ykgxw2zfjdgosxczunqjanzedpym"",""MinerFid"":""f03223"",""StartEpoch"":2878137,""Cost"":""""}]"
a18f3b34-be7c-4baa-9bd0-aa0fc8d9a885,,,,17180886010,QmNYpUtumVX1vUF9YDGxFqrsmotvkSWttCkscKtcTHtH4e.car,QmNYpUtumVX1vUF9YDGxFqrsmotvkSWttCkscKtcTHtH4e.car,,http://download2.storefrontiers.cn/ipfs/QmeiUZkzVXKcZusXT86WxcU8NqHZ5XsEtSAPsurbkmAe4C,34091302912,QmNYpUtumVX1vUF9YDGxFqrsmotvkSWttCkscKtcTHtH4e,baga6ea4seaqpnznzyf4sqn2wthsfhxkjchy5srqqexrhqouqel2z7agsi42uyda,,2,"[{""DealCid"":""bafyreib6q63hnuq4mwvntw4hqy4qhaoyg54cwn334i37mkc5wgzlxucqly"",""MinerFid"":""f01222595"",""StartEpoch"":2878137,""Cost"":""""}]"
a18f3b34-be7c-4baa-9bd0-aa0fc8d9a885,,,,17180886010,QmNYpUtumVX1vUF9YDGxFqrsmotvkSWttCkscKtcTHtH4e.car,QmNYpUtumVX1vUF9YDGxFqrsmotvkSWttCkscKtcTHtH4e.car,,http://download2.storefrontiers.cn/ipfs/QmeiUZkzVXKcZusXT86WxcU8NqHZ5XsEtSAPsurbkmAe4C,34091302912,QmNYpUtumVX1vUF9YDGxFqrsmotvkSWttCkscKtcTHtH4e,baga6ea4seaqpnznzyf4sqn2wthsfhxkjchy5srqqexrhqouqel2z7agsi42uyda,,2,"[{""DealCid"":""bafyreid3blogcdbxi4yde6eb22btopbnawkqv6v624fupn5ju3cfwdij2i"",""MinerFid"":""f01163272"",""StartEpoch"":2878137,""Cost"":""""}]"
a18f3b34-be7c-4baa-9bd0-aa0fc8d9a885,,,,17180886010,QmNYpUtumVX1vUF9YDGxFqrsmotvkSWttCkscKtcTHtH4e.car,QmNYpUtumVX1vUF9YDGxFqrsmotvkSWttCkscKtcTHtH4e.car,,http://download2.storefrontiers.cn/ipfs/QmeiUZkzVXKcZusXT86WxcU8NqHZ5XsEtSAPsurbkmAe4C,34091302912,QmNYpUtumVX1vUF9YDGxFqrsmotvkSWttCkscKtcTHtH4e,baga6ea4seaqpnznzyf4sqn2wthsfhxkjchy5srqqexrhqouqel2z7agsi42uyda,,2,"[{""DealCid"":""bafyreid57ibl62py6l433ys22d3i2la3rtptzbzowh6uaxvwtbbsvnd7ha"",""MinerFid"":""f02012951"",""StartEpoch"":2878137,""Cost"":""""}]"
a18f3b34-be7c-4baa-9bd0-aa0fc8d9a885,,,,17180886010,QmNYpUtumVX1vUF9YDGxFqrsmotvkSWttCkscKtcTHtH4e.car,QmNYpUtumVX1vUF9YDGxFqrsmotvkSWttCkscKtcTHtH4e.car,,http://download2.storefrontiers.cn/ipfs/QmeiUZkzVXKcZusXT86WxcU8NqHZ5XsEtSAPsurbkmAe4C,34091302912,QmNYpUtumVX1vUF9YDGxFqrsmotvkSWttCkscKtcTHtH4e,baga6ea4seaqpnznzyf4sqn2wthsfhxkjchy5srqqexrhqouqel2z7agsi42uyda,,2,"[{""DealCid"":""bafyreigu5dlzpsyq4s2ebfjykf3zoaffjawrtxhtg2zdt43ngrdy6iempq"",""MinerFid"":""f01862564"",""StartEpoch"":2878137,""Cost"":""""}]"
a18f3b34-be7c-4baa-9bd0-aa0fc8d9a885,,,,17180886010,QmNYpUtumVX1vUF9YDGxFqrsmotvkSWttCkscKtcTHtH4e.car,QmNYpUtumVX1vUF9YDGxFqrsmotvkSWttCkscKtcTHtH4e.car,,http://download2.storefrontiers.cn/ipfs/QmeiUZkzVXKcZusXT86WxcU8NqHZ5XsEtSAPsurbkmAe4C,34091302912,QmNYpUtumVX1vUF9YDGxFqrsmotvkSWttCkscKtcTHtH4e,baga6ea4seaqpnznzyf4sqn2wthsfhxkjchy5srqqexrhqouqel2z7agsi42uyda,,2,"[{""DealCid"":""bafyreidil2hfmiddpsv7cdfuqq5nvndzyt7r6evmzp3yvmxlfsde5uwydi"",""MinerFid"":""f02003005"",""StartEpoch"":2878137,""Cost"":""""}]"
a18f3b34-be7c-4baa-9bd0-aa0fc8d9a885,,,,17180886010,QmNYpUtumVX1vUF9YDGxFqrsmotvkSWttCkscKtcTHtH4e.car,QmNYpUtumVX1vUF9YDGxFqrsmotvkSWttCkscKtcTHtH4e.car,,http://download2.storefrontiers.cn/ipfs/QmeiUZkzVXKcZusXT86WxcU8NqHZ5XsEtSAPsurbkmAe4C,34091302912,QmNYpUtumVX1vUF9YDGxFqrsmotvkSWttCkscKtcTHtH4e,baga6ea4seaqpnznzyf4sqn2wthsfhxkjchy5srqqexrhqouqel2z7agsi42uyda,,2,"[{""DealCid"":""bafyreicsjcdukrnmv5avfxmntnssds35lp6fo2lmubqicklsrerqhnvsv4"",""MinerFid"":""f0143858"",""StartEpoch"":2878137,""Cost"":""""}]"
a18f3b34-be7c-4baa-9bd0-aa0fc8d9a885,,,,17180886010,QmNYpUtumVX1vUF9YDGxFqrsmotvkSWttCkscKtcTHtH4e.car,QmNYpUtumVX1vUF9YDGxFqrsmotvkSWttCkscKtcTHtH4e.car,,http://download2.storefrontiers.cn/ipfs/QmeiUZkzVXKcZusXT86WxcU8NqHZ5XsEtSAPsurbkmAe4C,34091302912,QmNYpUtumVX1vUF9YDGxFqrsmotvkSWttCkscKtcTHtH4e,baga6ea4seaqpnznzyf4sqn2wthsfhxkjchy5srqqexrhqouqel2z7agsi42uyda,,2,"[{""DealCid"":""bafyreih3q6xdaxfwtpmk5uyp34gamkpxcm4azw3pdzjwvmqefb4mk6yfsu"",""MinerFid"":""f0717969"",""StartEpoch"":2878137,""Cost"":""""}]"
a18f3b34-be7c-4baa-9bd0-aa0fc8d9a885,,,,17180886010,QmNYpUtumVX1vUF9YDGxFqrsmotvkSWttCkscKtcTHtH4e.car,QmNYpUtumVX1vUF9YDGxFqrsmotvkSWttCkscKtcTHtH4e.car,,http://download2.storefrontiers.cn/ipfs/QmeiUZkzVXKcZusXT86WxcU8NqHZ5XsEtSAPsurbkmAe4C,34091302912,QmNYpUtumVX1vUF9YDGxFqrsmotvkSWttCkscKtcTHtH4e,baga6ea4seaqpnznzyf4sqn2wthsfhxkjchy5srqqexrhqouqel2z7agsi42uyda,,2,"[{""DealCid"":""bafyreiad6bexdif6bcnhe4pukwdiuuwzhteghbrwps5jzu7nvum3wprhoq"",""MinerFid"":""f01888808"",""StartEpoch"":2878137,""Cost"":""""}]"
a18f3b34-be7c-4baa-9bd0-aa0fc8d9a885,,,,17180886010,QmNYpUtumVX1vUF9YDGxFqrsmotvkSWttCkscKtcTHtH4e.car,QmNYpUtumVX1vUF9YDGxFqrsmotvkSWttCkscKtcTHtH4e.car,,http://download2.storefrontiers.cn/ipfs/QmeiUZkzVXKcZusXT86WxcU8NqHZ5XsEtSAPsurbkmAe4C,34091302912,QmNYpUtumVX1vUF9YDGxFqrsmotvkSWttCkscKtcTHtH4e,baga6ea4seaqpnznzyf4sqn2wthsfhxkjchy5srqqexrhqouqel2z7agsi42uyda,,2,"[{""DealCid"":""bafyreigbsoctvcum5ucqy42ajpniq33lbsj6coyg3pzp2jtokwj5rz7atm"",""MinerFid"":""f0240185"",""StartEpoch"":2878137,""Cost"":""""}]"
a18f3b34-be7c-4baa-9bd0-aa0fc8d9a885,,,,17180886010,QmQsZaku8VuSomYte5J32pCjaUhoVPtHKPJDSijBsHGTnb.car,QmQsZaku8VuSomYte5J32pCjaUhoVPtHKPJDSijBsHGTnb.car,,http://download2.storefrontiers.cn/ipfs/Qmb9D3prcbP7H3LTQ9ZDTGSXZaPMqPTYuNp3JujHpYV4nB,34091302912,QmQsZaku8VuSomYte5J32pCjaUhoVPtHKPJDSijBsHGTnb,baga6ea4seaqfcdbqgw3ywg4ldzr4evp3n7t3hqvunrrbapmkqd2cnanls6v3igi,,2,"[{""DealCid"":""bafyreibhoccl3iuw4nnph62vgx6nfrigyspwo5tcaccsrnijqgesvowp3e"",""MinerFid"":""f02301"",""StartEpoch"":2878137,""Cost"":""""}]"
a18f3b34-be7c-4baa-9bd0-aa0fc8d9a885,,,,17180886010,QmQsZaku8VuSomYte5J32pCjaUhoVPtHKPJDSijBsHGTnb.car,QmQsZaku8VuSomYte5J32pCjaUhoVPtHKPJDSijBsHGTnb.car,,http://download2.storefrontiers.cn/ipfs/Qmb9D3prcbP7H3LTQ9ZDTGSXZaPMqPTYuNp3JujHpYV4nB,34091302912,QmQsZaku8VuSomYte5J32pCjaUhoVPtHKPJDSijBsHGTnb,baga6ea4seaqfcdbqgw3ywg4ldzr4evp3n7t3hqvunrrbapmkqd2cnanls6v3igi,,2,"[{""DealCid"":""bafyreifpfbbuots5rbo5zp7nsu5vq4x7ngjvouiowcipzf6jp2foaui2j4"",""MinerFid"":""f03223"",""StartEpoch"":2878137,""Cost"":""""}]"
a18f3b34-be7c-4baa-9bd0-aa0fc8d9a885,,,,17180886010,QmQsZaku8VuSomYte5J32pCjaUhoVPtHKPJDSijBsHGTnb.car,QmQsZaku8VuSomYte5J32pCjaUhoVPtHKPJDSijBsHGTnb.car,,http://download2.storefrontiers.cn/ipfs/Qmb9D3prcbP7H3LTQ9ZDTGSXZaPMqPTYuNp3JujHpYV4nB,34091302912,QmQsZaku8VuSomYte5J32pCjaUhoVPtHKPJDSijBsHGTnb,baga6ea4seaqfcdbqgw3ywg4ldzr4evp3n7t3hqvunrrbapmkqd2cnanls6v3igi,,2,"[{""DealCid"":""bafyreihlmvjyw2v54aiqjfgp4lpllwvdsnkh2iilqpq4r6gj7wre2vtmq4"",""MinerFid"":""f01337533"",""StartEpoch"":2878137,""Cost"":""""}]"
a18f3b34-be7c-4baa-9bd0-aa0fc8d9a885,,,,17180886010,QmQsZaku8VuSomYte5J32pCjaUhoVPtHKPJDSijBsHGTnb.car,QmQsZaku8VuSomYte5J32pCjaUhoVPtHKPJDSijBsHGTnb.car,,http://download2.storefrontiers.cn/ipfs/Qmb9D3prcbP7H3LTQ9ZDTGSXZaPMqPTYuNp3JujHpYV4nB,34091302912,QmQsZaku8VuSomYte5J32pCjaUhoVPtHKPJDSijBsHGTnb,baga6ea4seaqfcdbqgw3ywg4ldzr4evp3n7t3hqvunrrbapmkqd2cnanls6v3igi,,2,"[{""DealCid"":""bafyreicnh4trrsxdhb4t63ktljl5i2rpeoxv5ulc4k2lqehhuu4jk35hd4"",""MinerFid"":""f0143858"",""StartEpoch"":2878137,""Cost"":""""}]"
a18f3b34-be7c-4baa-9bd0-aa0fc8d9a885,,,,17180886010,QmQsZaku8VuSomYte5J32pCjaUhoVPtHKPJDSijBsHGTnb.car,QmQsZaku8VuSomYte5J32pCjaUhoVPtHKPJDSijBsHGTnb.car,,http://download2.storefrontiers.cn/ipfs/Qmb9D3prcbP7H3LTQ9ZDTGSXZaPMqPTYuNp3JujHpYV4nB,34091302912,QmQsZaku8VuSomYte5J32pCjaUhoVPtHKPJDSijBsHGTnb,baga6ea4seaqfcdbqgw3ywg4ldzr4evp3n7t3hqvunrrbapmkqd2cnanls6v3igi,,2,"[{""DealCid"":""bafyreidrzp6nrwtz6og4y6alaek53fecwuyfhozkle4i54vdhn5d2oiu7u"",""MinerFid"":""f01222595"",""StartEpoch"":2878137,""Cost"":""""}]"
a18f3b34-be7c-4baa-9bd0-aa0fc8d9a885,,,,17180886010,QmQsZaku8VuSomYte5J32pCjaUhoVPtHKPJDSijBsHGTnb.car,QmQsZaku8VuSomYte5J32pCjaUhoVPtHKPJDSijBsHGTnb.car,,http://download2.storefrontiers.cn/ipfs/Qmb9D3prcbP7H3LTQ9ZDTGSXZaPMqPTYuNp3JujHpYV4nB,34091302912,QmQsZaku8VuSomYte5J32pCjaUhoVPtHKPJDSijBsHGTnb,baga6ea4seaqfcdbqgw3ywg4ldzr4evp3n7t3hqvunrrbapmkqd2cnanls6v3igi,,2,"[{""DealCid"":""bafyreibrrvcrcer6v6mbmeyjbyuyjzn7bbvnm64g4reoc2ekkrrbw475ya"",""MinerFid"":""f01888808"",""StartEpoch"":2878137,""Cost"":""""}]"
a18f3b34-be7c-4baa-9bd0-aa0fc8d9a885,,,,17180886010,QmQsZaku8VuSomYte5J32pCjaUhoVPtHKPJDSijBsHGTnb.car,QmQsZaku8VuSomYte5J32pCjaUhoVPtHKPJDSijBsHGTnb.car,,http://download2.storefrontiers.cn/ipfs/Qmb9D3prcbP7H3LTQ9ZDTGSXZaPMqPTYuNp3JujHpYV4nB,34091302912,QmQsZaku8VuSomYte5J32pCjaUhoVPtHKPJDSijBsHGTnb,baga6ea4seaqfcdbqgw3ywg4ldzr4evp3n7t3hqvunrrbapmkqd2cnanls6v3igi,,2,"[{""DealCid"":""bafyreifxatyczdkxl7l3o52yqtefvifa4xbwv4lwpjbzf4pvaxkjfylmne"",""MinerFid"":""f0717969"",""StartEpoch"":2878137,""Cost"":""""}]"
a18f3b34-be7c-4baa-9bd0-aa0fc8d9a885,,,,17180886010,QmQsZaku8VuSomYte5J32pCjaUhoVPtHKPJDSijBsHGTnb.car,QmQsZaku8VuSomYte5J32pCjaUhoVPtHKPJDSijBsHGTnb.car,,http://download2.storefrontiers.cn/ipfs/Qmb9D3prcbP7H3LTQ9ZDTGSXZaPMqPTYuNp3JujHpYV4nB,34091302912,QmQsZaku8VuSomYte5J32pCjaUhoVPtHKPJDSijBsHGTnb,baga6ea4seaqfcdbqgw3ywg4ldzr4evp3n7t3hqvunrrbapmkqd2cnanls6v3igi,,2,"[{""DealCid"":""bafyreidev6hoi7vpsnqhtyqf7wxje5fiuymp4s36rftytb72mnwp5nf5yu"",""MinerFid"":""f01225882"",""StartEpoch"":2878137,""Cost"":""""}]"
a18f3b34-be7c-4baa-9bd0-aa0fc8d9a885,,,,17180886010,QmQsZaku8VuSomYte5J32pCjaUhoVPtHKPJDSijBsHGTnb.car,QmQsZaku8VuSomYte5J32pCjaUhoVPtHKPJDSijBsHGTnb.car,,http://download2.storefrontiers.cn/ipfs/Qmb9D3prcbP7H3LTQ9ZDTGSXZaPMqPTYuNp3JujHpYV4nB,34091302912,QmQsZaku8VuSomYte5J32pCjaUhoVPtHKPJDSijBsHGTnb,baga6ea4seaqfcdbqgw3ywg4ldzr4evp3n7t3hqvunrrbapmkqd2cnanls6v3igi,,2,"[{""DealCid"":""bafyreif5hvklqhzoizrirhjy5rbel7wrmecmfubnppdnrse6lsjcye4tmi"",""MinerFid"":""f08399"",""StartEpoch"":2878137,""Cost"":""""}]"
a18f3b34-be7c-4baa-9bd0-aa0fc8d9a885,,,,17180886010,QmQsZaku8VuSomYte5J32pCjaUhoVPtHKPJDSijBsHGTnb.car,QmQsZaku8VuSomYte5J32pCjaUhoVPtHKPJDSijBsHGTnb.car,,http://download2.storefrontiers.cn/ipfs/Qmb9D3prcbP7H3LTQ9ZDTGSXZaPMqPTYuNp3JujHpYV4nB,34091302912,QmQsZaku8VuSomYte5J32pCjaUhoVPtHKPJDSijBsHGTnb,baga6ea4seaqfcdbqgw3ywg4ldzr4evp3n7t3hqvunrrbapmkqd2cnanls6v3igi,,2,"[{""DealCid"":""bafyreib3duyg4ykhl5tfjzkg6nuuwi5ifbpw7trowv4e7pljt6xhjfbgde"",""MinerFid"":""f01163272"",""StartEpoch"":2878137,""Cost"":""""}]"
a18f3b34-be7c-4baa-9bd0-aa0fc8d9a885,,,,17180886010,QmQsZaku8VuSomYte5J32pCjaUhoVPtHKPJDSijBsHGTnb.car,QmQsZaku8VuSomYte5J32pCjaUhoVPtHKPJDSijBsHGTnb.car,,http://download2.storefrontiers.cn/ipfs/Qmb9D3prcbP7H3LTQ9ZDTGSXZaPMqPTYuNp3JujHpYV4nB,34091302912,QmQsZaku8VuSomYte5J32pCjaUhoVPtHKPJDSijBsHGTnb,baga6ea4seaqfcdbqgw3ywg4ldzr4evp3n7t3hqvunrrbapmkqd2cnanls6v3igi,,2,"[{""DealCid"":""bafyreifhasknmk6mjplt64so7rrbw25f266uvxe6rsdpjjknzarpsqlyiy"",""MinerFid"":""f0240185"",""StartEpoch"":2878137,""Cost"":""""}]"
a18f3b34-be7c-4baa-9bd0-aa0fc8d9a885,,,,17180886010,QmQsZaku8VuSomYte5J32pCjaUhoVPtHKPJDSijBsHGTnb.car,QmQsZaku8VuSomYte5J32pCjaUhoVPtHKPJDSijBsHGTnb.car,,http://download2.storefrontiers.cn/ipfs/Qmb9D3prcbP7H3LTQ9ZDTGSXZaPMqPTYuNp3JujHpYV4nB,34091302912,QmQsZaku8VuSomYte5J32pCjaUhoVPtHKPJDSijBsHGTnb,baga6ea4seaqfcdbqgw3ywg4ldzr4evp3n7t3hqvunrrbapmkqd2cnanls6v3igi,,2,"[{""DealCid"":""bafyreigb6ayoyd7dmwmsznut2ubisx7rihaia2xzrnuhhrlwnkiq6lduii"",""MinerFid"":""f01862564"",""StartEpoch"":2878137,""Cost"":""""}]"
a18f3b34-be7c-4baa-9bd0-aa0fc8d9a885,,,,17180886010,QmQsZaku8VuSomYte5J32pCjaUhoVPtHKPJDSijBsHGTnb.car,QmQsZaku8VuSomYte5J32pCjaUhoVPtHKPJDSijBsHGTnb.car,,http://download2.storefrontiers.cn/ipfs/Qmb9D3prcbP7H3LTQ9ZDTGSXZaPMqPTYuNp3JujHpYV4nB,34091302912,QmQsZaku8VuSomYte5J32pCjaUhoVPtHKPJDSijBsHGTnb,baga6ea4seaqfcdbqgw3ywg4ldzr4evp3n7t3hqvunrrbapmkqd2cnanls6v3igi,,2,"[{""DealCid"":""bafyreif7cv6z3fyjswvrhp3xbnfwd2rlnd3ejpq3yztq3h5k5q7snzsgtm"",""MinerFid"":""f02012951"",""StartEpoch"":2878137,""Cost"":""""}]"
a18f3b34-be7c-4baa-9bd0-aa0fc8d9a885,,,,17180886010,QmQsZaku8VuSomYte5J32pCjaUhoVPtHKPJDSijBsHGTnb.car,QmQsZaku8VuSomYte5J32pCjaUhoVPtHKPJDSijBsHGTnb.car,,http://download2.storefrontiers.cn/ipfs/Qmb9D3prcbP7H3LTQ9ZDTGSXZaPMqPTYuNp3JujHpYV4nB,34091302912,QmQsZaku8VuSomYte5J32pCjaUhoVPtHKPJDSijBsHGTnb,baga6ea4seaqfcdbqgw3ywg4ldzr4evp3n7t3hqvunrrbapmkqd2cnanls6v3igi,,2,"[{""DealCid"":""bafyreibyb4bk42pcmgtwr3fbiizynsmkeyxcq4ghunlqujmfxaaojrc6ge"",""MinerFid"":""f02003005"",""StartEpoch"":2878137,""Cost"":""""}]"
a18f3b34-be7c-4baa-9bd0-aa0fc8d9a885,,,,17180886010,QmX4hGqzDT9Ez2S5gE3zCYw1YowTdJXBmSJKfoGUY4RbL2.car,QmX4hGqzDT9Ez2S5gE3zCYw1YowTdJXBmSJKfoGUY4RbL2.car,,http://download2.storefrontiers.cn/ipfs/QmQUC5W9aNXQVnL9pwe4jqVwfNY6qGgnA5kkoB1J8prVp8,34091302912,QmX4hGqzDT9Ez2S5gE3zCYw1YowTdJXBmSJKfoGUY4RbL2,baga6ea4seaqbxqmvkclt3ze7ydy4iywsulittddfj26nvexf4hvquvqevkfboga,,2,"[{""DealCid"":""bafyreibsuzcvkt7i5t434gvr27hqzhknvg2npsxtivatmhat6xp7caqtcq"",""MinerFid"":""f01337533"",""StartEpoch"":2878137,""Cost"":""""}]"
a18f3b34-be7c-4baa-9bd0-aa0fc8d9a885,,,,17180886010,QmX4hGqzDT9Ez2S5gE3zCYw1YowTdJXBmSJKfoGUY4RbL2.car,QmX4hGqzDT9Ez2S5gE3zCYw1YowTdJXBmSJKfoGUY4RbL2.car,,http://download2.storefrontiers.cn/ipfs/QmQUC5W9aNXQVnL9pwe4jqVwfNY6qGgnA5kkoB1J8prVp8,34091302912,QmX4hGqzDT9Ez2S5gE3zCYw1YowTdJXBmSJKfoGUY4RbL2,baga6ea4seaqbxqmvkclt3ze7ydy4iywsulittddfj26nvexf4hvquvqevkfboga,,2,"[{""DealCid"":""bafyreigbeaxkpgv3fie642gjk5yxkmtv5m4cej4dommiql5hnxdwkrae7m"",""MinerFid"":""f02301"",""StartEpoch"":2878137,""Cost"":""""}]"
a18f3b34-be7c-4baa-9bd0-aa0fc8d9a885,,,,17180886010,QmX4hGqzDT9Ez2S5gE3zCYw1YowTdJXBmSJKfoGUY4RbL2.car,QmX4hGqzDT9Ez2S5gE3zCYw1YowTdJXBmSJKfoGUY4RbL2.car,,http://download2.storefrontiers.cn/ipfs/QmQUC5W9aNXQVnL9pwe4jqVwfNY6qGgnA5kkoB1J8prVp8,34091302912,QmX4hGqzDT9Ez2S5gE3zCYw1YowTdJXBmSJKfoGUY4RbL2,baga6ea4seaqbxqmvkclt3ze7ydy4iywsulittddfj26nvexf4hvquvqevkfboga,,2,"[{""DealCid"":""bafyreihgqo7egejovs5trtnchrk6jcpyy6tgyzbl5hloopbinnzqsj4ahm"",""MinerFid"":""f02003005"",""StartEpoch"":2878137,""Cost"":""""}]"
a18f3b34-be7c-4baa-9bd0-aa0fc8d9a885,,,,17180886010,QmX4hGqzDT9Ez2S5gE3zCYw1YowTdJXBmSJKfoGUY4RbL2.car,QmX4hGqzDT9Ez2S5gE3zCYw1YowTdJXBmSJKfoGUY4RbL2.car,,http://download2.storefrontiers.cn/ipfs/QmQUC5W9aNXQVnL9pwe4jqVwfNY6qGgnA5kkoB1J8prVp8,34091302912,QmX4hGqzDT9Ez2S5gE3zCYw1YowTdJXBmSJKfoGUY4RbL2,baga6ea4seaqbxqmvkclt3ze7ydy4iywsulittddfj26nvexf4hvquvqevkfboga,,2,"[{""DealCid"":""bafyreiat5nkwzp2czutdgkok35lgmwupkmbdp444mlft23p7gakllcmqau"",""MinerFid"":""f0240185"",""StartEpoch"":2878137,""Cost"":""""}]"
a18f3b34-be7c-4baa-9bd0-aa0fc8d9a885,,,,17180886010,QmX4hGqzDT9Ez2S5gE3zCYw1YowTdJXBmSJKfoGUY4RbL2.car,QmX4hGqzDT9Ez2S5gE3zCYw1YowTdJXBmSJKfoGUY4RbL2.car,,http://download2.storefrontiers.cn/ipfs/QmQUC5W9aNXQVnL9pwe4jqVwfNY6qGgnA5kkoB1J8prVp8,34091302912,QmX4hGqzDT9Ez2S5gE3zCYw1YowTdJXBmSJKfoGUY4RbL2,baga6ea4seaqbxqmvkclt3ze7ydy4iywsulittddfj26nvexf4hvquvqevkfboga,,2,"[{""DealCid"":""bafyreiev3yqmaedw5yan6vq4qr6tj5cpr3kcfyrckbynofw7dvg54mvxma"",""MinerFid"":""f01862564"",""StartEpoch"":2878137,""Cost"":""""}]"
a18f3b34-be7c-4baa-9bd0-aa0fc8d9a885,,,,17180886010,QmX4hGqzDT9Ez2S5gE3zCYw1YowTdJXBmSJKfoGUY4RbL2.car,QmX4hGqzDT9Ez2S5gE3zCYw1YowTdJXBmSJKfoGUY4RbL2.car,,http://download2.storefrontiers.cn/ipfs/QmQUC5W9aNXQVnL9pwe4jqVwfNY6qGgnA5kkoB1J8prVp8,34091302912,QmX4hGqzDT9Ez2S5gE3zCYw1YowTdJXBmSJKfoGUY4RbL2,baga6ea4seaqbxqmvkclt3ze7ydy4iywsulittddfj26nvexf4hvquvqevkfboga,,2,"[{""DealCid"":""bafyreigwrkfvsob2dz7hwims463j7n3vhkcwkteglzfv6po6jhxc3r3vte"",""MinerFid"":""f01163272"",""StartEpoch"":2878137,""Cost"":""""}]"
a18f3b34-be7c-4baa-9bd0-aa0fc8d9a885,,,,17180886010,QmX4hGqzDT9Ez2S5gE3zCYw1YowTdJXBmSJKfoGUY4RbL2.car,QmX4hGqzDT9Ez2S5gE3zCYw1YowTdJXBmSJKfoGUY4RbL2.car,,http://download2.storefrontiers.cn/ipfs/QmQUC5W9aNXQVnL9pwe4jqVwfNY6qGgnA5kkoB1J8prVp8,34091302912,QmX4hGqzDT9Ez2S5gE3zCYw1YowTdJXBmSJKfoGUY4RbL2,baga6ea4seaqbxqmvkclt3ze7ydy4iywsulittddfj26nvexf4hvquvqevkfboga,,2,"[{""DealCid"":""bafyreifvfivwbm5fffefq3wdoh7wfwksg4agjlrylquk2f5pifexvghwk4"",""MinerFid"":""f01888808"",""StartEpoch"":2878137,""Cost"":""""}]"
a18f3b34-be7c-4baa-9bd0-aa0fc8d9a885,,,,17180886010,QmX4hGqzDT9Ez2S5gE3zCYw1YowTdJXBmSJKfoGUY4RbL2.car,QmX4hGqzDT9Ez2S5gE3zCYw1YowTdJXBmSJKfoGUY4RbL2.car,,http://download2.storefrontiers.cn/ipfs/QmQUC5W9aNXQVnL9pwe4jqVwfNY6qGgnA5kkoB1J8prVp8,34091302912,QmX4hGqzDT9Ez2S5gE3zCYw1YowTdJXBmSJKfoGUY4RbL2,baga6ea4seaqbxqmvkclt3ze7ydy4iywsulittddfj26nvexf4hvquvqevkfboga,,2,"[{""DealCid"":""bafyreie5jf2mzmd2mwulggc47q56dqig3u47r56i7dumeqvoxcsrk5gv2u"",""MinerFid"":""f08399"",""StartEpoch"":2878137,""Cost"":""""}]"
a18f3b34-be7c-4baa-9bd0-aa0fc8d9a885,,,,17180886010,QmX4hGqzDT9Ez2S5gE3zCYw1YowTdJXBmSJKfoGUY4RbL2.car,QmX4hGqzDT9Ez2S5gE3zCYw1YowTdJXBmSJKfoGUY4RbL2.car,,http://download2.storefrontiers.cn/ipfs/QmQUC5W9aNXQVnL9pwe4jqVwfNY6qGgnA5kkoB1J8prVp8,34091302912,QmX4hGqzDT9Ez2S5gE3zCYw1YowTdJXBmSJKfoGUY4RbL2,baga6ea4seaqbxqmvkclt3ze7ydy4iywsulittddfj26nvexf4hvquvqevkfboga,,2,"[{""DealCid"":""bafyreicozqxf2mpy5s3vzudres2wb2h4hijxy2lh3hauhgbnio26f2eum4"",""MinerFid"":""f01222595"",""StartEpoch"":2878137,""Cost"":""""}]"
a18f3b34-be7c-4baa-9bd0-aa0fc8d9a885,,,,17180886010,QmX4hGqzDT9Ez2S5gE3zCYw1YowTdJXBmSJKfoGUY4RbL2.car,QmX4hGqzDT9Ez2S5gE3zCYw1YowTdJXBmSJKfoGUY4RbL2.car,,http://download2.storefrontiers.cn/ipfs/QmQUC5W9aNXQVnL9pwe4jqVwfNY6qGgnA5kkoB1J8prVp8,34091302912,QmX4hGqzDT9Ez2S5gE3zCYw1YowTdJXBmSJKfoGUY4RbL2,baga6ea4seaqbxqmvkclt3ze7ydy4iywsulittddfj26nvexf4hvquvqevkfboga,,2,"[{""DealCid"":""bafyreiayujjzrgcefle2mtujgyz5u4uq3ia44jmofsymyktbhqfdggiqbi"",""MinerFid"":""f0717969"",""StartEpoch"":2878137,""Cost"":""""}]"
a18f3b34-be7c-4baa-9bd0-aa0fc8d9a885,,,,17180886010,QmX4hGqzDT9Ez2S5gE3zCYw1YowTdJXBmSJKfoGUY4RbL2.car,QmX4hGqzDT9Ez2S5gE3zCYw1YowTdJXBmSJKfoGUY4RbL2.car,,http://download2.storefrontiers.cn/ipfs/QmQUC5W9aNXQVnL9pwe4jqVwfNY6qGgnA5kkoB1J8prVp8,34091302912,QmX4hGqzDT9Ez2S5gE3zCYw1YowTdJXBmSJKfoGUY4RbL2,baga6ea4seaqbxqmvkclt3ze7ydy4iywsulittddfj26nvexf4hvquvqevkfboga,,2,"[{""DealCid"":""bafyreifmenmxcp5dhc7yvnal3en6hlbxa6apsst7hqmpnrkczp5h6eo5re"",""MinerFid"":""f02012951"",""StartEpoch"":2878137,""Cost"":""""}]"
a18f3b34-be7c-4baa-9bd0-aa0fc8d9a885,,,,17180886010,QmX4hGqzDT9Ez2S5gE3zCYw1YowTdJXBmSJKfoGUY4RbL2.car,QmX4hGqzDT9Ez2S5gE3zCYw1YowTdJXBmSJKfoGUY4RbL2.car,,http://download2.storefrontiers.cn/ipfs/QmQUC5W9aNXQVnL9pwe4jqVwfNY6qGgnA5kkoB1J8prVp8,34091302912,QmX4hGqzDT9Ez2S5gE3zCYw1YowTdJXBmSJKfoGUY4RbL2,baga6ea4seaqbxqmvkclt3ze7ydy4iywsulittddfj26nvexf4hvquvqevkfboga,,2,"[{""DealCid"":""bafyreieiq3fnakrxmja4cl5miqkpnejvgt6bjasqyevd4kiajhltv4sfke"",""MinerFid"":""f01225882"",""StartEpoch"":2878137,""Cost"":""""}]"
a18f3b34-be7c-4baa-9bd0-aa0fc8d9a885,,,,17180886010,QmX4hGqzDT9Ez2S5gE3zCYw1YowTdJXBmSJKfoGUY4RbL2.car,QmX4hGqzDT9Ez2S5gE3zCYw1YowTdJXBmSJKfoGUY4RbL2.car,,http://download2.storefrontiers.cn/ipfs/QmQUC5W9aNXQVnL9pwe4jqVwfNY6qGgnA5kkoB1J8prVp8,34091302912,QmX4hGqzDT9Ez2S5gE3zCYw1YowTdJXBmSJKfoGUY4RbL2,baga6ea4seaqbxqmvkclt3ze7ydy4iywsulittddfj26nvexf4hvquvqevkfboga,,2,"[{""DealCid"":""bafyreic4i5pnd4yfj5zaeztnqjcsxbxt4647dkywqojyp6hfqyun3zvyyy"",""MinerFid"":""f02186655"",""StartEpoch"":2878137,""Cost"":""""}]"
a18f3b34-be7c-4baa-9bd0-aa0fc8d9a885,,,,17180886010,QmX4hGqzDT9Ez2S5gE3zCYw1YowTdJXBmSJKfoGUY4RbL2.car,QmX4hGqzDT9Ez2S5gE3zCYw1YowTdJXBmSJKfoGUY4RbL2.car,,http://download2.storefrontiers.cn/ipfs/QmQUC5W9aNXQVnL9pwe4jqVwfNY6qGgnA5kkoB1J8prVp8,34091302912,QmX4hGqzDT9Ez2S5gE3zCYw1YowTdJXBmSJKfoGUY4RbL2,baga6ea4seaqbxqmvkclt3ze7ydy4iywsulittddfj26nvexf4hvquvqevkfboga,,2,"[{""DealCid"":""bafyreibjkzugnol7xtcustrnzc7fcs7kis3qsujqucerffqt6dqo4mivre"",""MinerFid"":""f0143858"",""StartEpoch"":2878137,""Cost"":""""}]"
a18f3b34-be7c-4baa-9bd0-aa0fc8d9a885,,,,17180886010,QmX4hGqzDT9Ez2S5gE3zCYw1YowTdJXBmSJKfoGUY4RbL2.car,QmX4hGqzDT9Ez2S5gE3zCYw1YowTdJXBmSJKfoGUY4RbL2.car,,http://download2.storefrontiers.cn/ipfs/QmQUC5W9aNXQVnL9pwe4jqVwfNY6qGgnA5kkoB1J8prVp8,34091302912,QmX4hGqzDT9Ez2S5gE3zCYw1YowTdJXBmSJKfoGUY4RbL2,baga6ea4seaqbxqmvkclt3ze7ydy4iywsulittddfj26nvexf4hvquvqevkfboga,,2,"[{""DealCid"":""bafyreic2qvty37b74mgqg7hrjh77pswuh2egzfoqce3jf2x3fy2qpzutw4"",""MinerFid"":""f03223"",""StartEpoch"":2878137,""Cost"":""""}]"
a18f3b34-be7c-4baa-9bd0-aa0fc8d9a885,,,,17180886010,QmaHmMYfakqRFAZikp1QGY8pt19ukUQPiWH1K9QBpgptHi.car,QmaHmMYfakqRFAZikp1QGY8pt19ukUQPiWH1K9QBpgptHi.car,,http://download2.storefrontiers.cn/ipfs/QmPzFsfaaXuECdxh9GakHR57pmWpNRekqA2MZ2roP5NtVQ,34091302912,QmaHmMYfakqRFAZikp1QGY8pt19ukUQPiWH1K9QBpgptHi,baga6ea4seaqnjvf7nhvacn7iyiegap74igb3axkqzhcfqv5nbqbrqg5n7hj7mny,,2,"[{""DealCid"":""bafyreigelbcrcfp476htyrpozrh6xkzw7of7k45ih7spppbykf5bpn2mha"",""MinerFid"":""f01222595"",""StartEpoch"":2878137,""Cost"":""""}]"
a18f3b34-be7c-4baa-9bd0-aa0fc8d9a885,,,,17180886010,QmaHmMYfakqRFAZikp1QGY8pt19ukUQPiWH1K9QBpgptHi.car,QmaHmMYfakqRFAZikp1QGY8pt19ukUQPiWH1K9QBpgptHi.car,,http://download2.storefrontiers.cn/ipfs/QmPzFsfaaXuECdxh9GakHR57pmWpNRekqA2MZ2roP5NtVQ,34091302912,QmaHmMYfakqRFAZikp1QGY8pt19ukUQPiWH1K9QBpgptHi,baga6ea4seaqnjvf7nhvacn7iyiegap74igb3axkqzhcfqv5nbqbrqg5n7hj7mny,,2,"[{""DealCid"":""bafyreickkman7qf7oyljgghmxhnts52fq32d55cgeefwbdwbiminyidnqu"",""MinerFid"":""f0717969"",""StartEpoch"":2878137,""Cost"":""""}]"
a18f3b34-be7c-4baa-9bd0-aa0fc8d9a885,,,,17180886010,QmaHmMYfakqRFAZikp1QGY8pt19ukUQPiWH1K9QBpgptHi.car,QmaHmMYfakqRFAZikp1QGY8pt19ukUQPiWH1K9QBpgptHi.car,,http://download2.storefrontiers.cn/ipfs/QmPzFsfaaXuECdxh9GakHR57pmWpNRekqA2MZ2roP5NtVQ,34091302912,QmaHmMYfakqRFAZikp1QGY8pt19ukUQPiWH1K9QBpgptHi,baga6ea4seaqnjvf7nhvacn7iyiegap74igb3axkqzhcfqv5nbqbrqg5n7hj7mny,,2,"[{""DealCid"":""bafyreiftrabulj2cdgf5hyhacln3yuli644xomklaktabp5le7r325ezqa"",""MinerFid"":""f01888808"",""StartEpoch"":2878137,""Cost"":""""}]"
a18f3b34-be7c-4baa-9bd0-aa0fc8d9a885,,,,17180886010,QmaHmMYfakqRFAZikp1QGY8pt19ukUQPiWH1K9QBpgptHi.car,QmaHmMYfakqRFAZikp1QGY8pt19ukUQPiWH1K9QBpgptHi.car,,http://download2.storefrontiers.cn/ipfs/QmPzFsfaaXuECdxh9GakHR57pmWpNRekqA2MZ2roP5NtVQ,34091302912,QmaHmMYfakqRFAZikp1QGY8pt19ukUQPiWH1K9QBpgptHi,baga6ea4seaqnjvf7nhvacn7iyiegap74igb3axkqzhcfqv5nbqbrqg5n7hj7mny,,2,"[{""DealCid"":""bafyreierbixn4fkzywhlwaeniy53a234h7cjby6uqcsitf74izcehb4gqa"",""MinerFid"":""f0143858"",""StartEpoch"":2878137,""Cost"":""""}]"
a18f3b34-be7c-4baa-9bd0-aa0fc8d9a885,,,,17180886010,QmaHmMYfakqRFAZikp1QGY8pt19ukUQPiWH1K9QBpgptHi.car,QmaHmMYfakqRFAZikp1QGY8pt19ukUQPiWH1K9QBpgptHi.car,,http://download2.storefrontiers.cn/ipfs/QmPzFsfaaXuECdxh9GakHR57pmWpNRekqA2MZ2roP5NtVQ,34091302912,QmaHmMYfakqRFAZikp1QGY8pt19ukUQPiWH1K9QBpgptHi,baga6ea4seaqnjvf7nhvacn7iyiegap74igb3axkqzhcfqv5nbqbrqg5n7hj7mny,,2,"[{""DealCid"":""bafyreib2gsrfgcw26tlpwz3otdgmtmxnmew6u2hcio2d66su2e3mhc3lfi"",""MinerFid"":""f01862564"",""StartEpoch"":2878137,""Cost"":""""}]"
a18f3b34-be7c-4baa-9bd0-aa0fc8d9a885,,,,17180886010,QmaHmMYfakqRFAZikp1QGY8pt19ukUQPiWH1K9QBpgptHi.car,QmaHmMYfakqRFAZikp1QGY8pt19ukUQPiWH1K9QBpgptHi.car,,http://download2.storefrontiers.cn/ipfs/QmPzFsfaaXuECdxh9GakHR57pmWpNRekqA2MZ2roP5NtVQ,34091302912,QmaHmMYfakqRFAZikp1QGY8pt19ukUQPiWH1K9QBpgptHi,baga6ea4seaqnjvf7nhvacn7iyiegap74igb3axkqzhcfqv5nbqbrqg5n7hj7mny,,2,"[{""DealCid"":""bafyreieielyrjik45n3wqkt2dhulptf5n7objlj6cg3kstqqq7wlpb53sa"",""MinerFid"":""f01163272"",""StartEpoch"":2878137,""Cost"":""""}]"
a18f3b34-be7c-4baa-9bd0-aa0fc8d9a885,,,,17180886010,QmaHmMYfakqRFAZikp1QGY8pt19ukUQPiWH1K9QBpgptHi.car,QmaHmMYfakqRFAZikp1QGY8pt19ukUQPiWH1K9QBpgptHi.car,,http://download2.storefrontiers.cn/ipfs/QmPzFsfaaXuECdxh9GakHR57pmWpNRekqA2MZ2roP5NtVQ,34091302912,QmaHmMYfakqRFAZikp1QGY8pt19ukUQPiWH1K9QBpgptHi,baga6ea4seaqnjvf7nhvacn7iyiegap74igb3axkqzhcfqv5nbqbrqg5n7hj7mny,,2,"[{""DealCid"":""bafyreif43bq3snxt2buil5aveet7vg2pjosoib3nfgheqanxoelrh56lsa"",""MinerFid"":""f0240185"",""StartEpoch"":2878137,""Cost"":""""}]"
a18f3b34-be7c-4baa-9bd0-aa0fc8d9a885,,,,17180886010,QmaHmMYfakqRFAZikp1QGY8pt19ukUQPiWH1K9QBpgptHi.car,QmaHmMYfakqRFAZikp1QGY8pt19ukUQPiWH1K9QBpgptHi.car,,http://download2.storefrontiers.cn/ipfs/QmPzFsfaaXuECdxh9GakHR57pmWpNRekqA2MZ2roP5NtVQ,34091302912,QmaHmMYfakqRFAZikp1QGY8pt19ukUQPiWH1K9QBpgptHi,baga6ea4seaqnjvf7nhvacn7iyiegap74igb3axkqzhcfqv5nbqbrqg5n7hj7mny,,2,"[{""DealCid"":""bafyreidyb6326gpsyp27iogda2jgw3c3tku5xuoqazhjcvhvhk5yornnzi"",""MinerFid"":""f02012951"",""StartEpoch"":2878137,""Cost"":""""}]"
a18f3b34-be7c-4baa-9bd0-aa0fc8d9a885,,,,17180886010,QmaHmMYfakqRFAZikp1QGY8pt19ukUQPiWH1K9QBpgptHi.car,QmaHmMYfakqRFAZikp1QGY8pt19ukUQPiWH1K9QBpgptHi.car,,http://download2.storefrontiers.cn/ipfs/QmPzFsfaaXuECdxh9GakHR57pmWpNRekqA2MZ2roP5NtVQ,34091302912,QmaHmMYfakqRFAZikp1QGY8pt19ukUQPiWH1K9QBpgptHi,baga6ea4seaqnjvf7nhvacn7iyiegap74igb3axkqzhcfqv5nbqbrqg5n7hj7mny,,2,"[{""DealCid"":""bafyreihtkb6hsenkexcfrmxi4vgibfl54yec3arkzvrenbtkzt3ouyzuxe"",""MinerFid"":""f01225882"",""StartEpoch"":2878137,""Cost"":""""}]"
a18f3b34-be7c-4baa-9bd0-aa0fc8d9a885,,,,17180886010,QmaHmMYfakqRFAZikp1QGY8pt19ukUQPiWH1K9QBpgptHi.car,QmaHmMYfakqRFAZikp1QGY8pt19ukUQPiWH1K9QBpgptHi.car,,http://download2.storefrontiers.cn/ipfs/QmPzFsfaaXuECdxh9GakHR57pmWpNRekqA2MZ2roP5NtVQ,34091302912,QmaHmMYfakqRFAZikp1QGY8pt19ukUQPiWH1K9QBpgptHi,baga6ea4seaqnjvf7nhvacn7iyiegap74igb3axkqzhcfqv5nbqbrqg5n7hj7mny,,2,"[{""DealCid"":""bafyreigxev6wii5cvcfnebaljm2tnnqkxsiodzxutw5e4k6mvivl7tjd2q"",""MinerFid"":""f02301"",""StartEpoch"":2878137,""Cost"":""""}]"
a18f3b34-be7c-4baa-9bd0-aa0fc8d9a885,,,,17180886010,QmaHmMYfakqRFAZikp1QGY8pt19ukUQPiWH1K9QBpgptHi.car,QmaHmMYfakqRFAZikp1QGY8pt19ukUQPiWH1K9QBpgptHi.car,,http://download2.storefrontiers.cn/ipfs/QmPzFsfaaXuECdxh9GakHR57pmWpNRekqA2MZ2roP5NtVQ,34091302912,QmaHmMYfakqRFAZikp1QGY8pt19ukUQPiWH1K9QBpgptHi,baga6ea4seaqnjvf7nhvacn7iyiegap74igb3axkqzhcfqv5nbqbrqg5n7hj7mny,,2,"[{""DealCid"":""bafyreih4oswglumzqme2madkzgxtyvxjddyqwbrkw3xmzbqzmjnxpzrhmq"",""MinerFid"":""f03223"",""StartEpoch"":2878137,""Cost"":""""}]"
a18f3b34-be7c-4baa-9bd0-aa0fc8d9a885,,,,17180886010,QmaHmMYfakqRFAZikp1QGY8pt19ukUQPiWH1K9QBpgptHi.car,QmaHmMYfakqRFAZikp1QGY8pt19ukUQPiWH1K9QBpgptHi.car,,http://download2.storefrontiers.cn/ipfs/QmPzFsfaaXuECdxh9GakHR57pmWpNRekqA2MZ2roP5NtVQ,34091302912,QmaHmMYfakqRFAZikp1QGY8pt19ukUQPiWH1K9QBpgptHi,baga6ea4seaqnjvf7nhvacn7iyiegap74igb3axkqzhcfqv5nbqbrqg5n7hj7mny,,2,"[{""DealCid"":""bafyreibdacgrtq22jcx23rocbzgtf273fmvskyhotdelz2hb5ryqdll6hq"",""MinerFid"":""f01337533"",""StartEpoch"":2878137,""Cost"":""""}]"
a18f3b34-be7c-4baa-9bd0-aa0fc8d9a885,,,,17180886010,QmaHmMYfakqRFAZikp1QGY8pt19ukUQPiWH1K9QBpgptHi.car,QmaHmMYfakqRFAZikp1QGY8pt19ukUQPiWH1K9QBpgptHi.car,,http://download2.storefrontiers.cn/ipfs/QmPzFsfaaXuECdxh9GakHR57pmWpNRekqA2MZ2roP5NtVQ,34091302912,QmaHmMYfakqRFAZikp1QGY8pt19ukUQPiWH1K9QBpgptHi,baga6ea4seaqnjvf7nhvacn7iyiegap74igb3axkqzhcfqv5nbqbrqg5n7hj7mny,,2,"[{""DealCid"":""bafyreibxmhcj4jrfay67ko6dyxk7a5liwxc3lkqwuiyjojefywmmj6vrdq"",""MinerFid"":""f02186655"",""StartEpoch"":2878137,""Cost"":""""}]"
a18f3b34-be7c-4baa-9bd0-aa0fc8d9a885,,,,17180886010,QmR7eV3LzKRvgXuKE9VZ7wBukGNrF9W2TTt2Zm8j85kiF5.car,QmR7eV3LzKRvgXuKE9VZ7wBukGNrF9W2TTt2Zm8j85kiF5.car,,http://download2.storefrontiers.cn/ipfs/QmWpN1T7JKuYqShWq4E1XqjarS8kcodku2mtqS7JdPj4KL,34091302912,QmR7eV3LzKRvgXuKE9VZ7wBukGNrF9W2TTt2Zm8j85kiF5,baga6ea4seaqkw2crhm7eviebrxglm7mliemrwlduacpsdftyhodfdjdjr26kena,,2,"[{""DealCid"":""bafyreihe62mpzgy43s3z5gmlfxfkr46re7wn3cjqwklqpzhcbgzrkbevym"",""MinerFid"":""f08399"",""StartEpoch"":2878137,""Cost"":""""}]"
a18f3b34-be7c-4baa-9bd0-aa0fc8d9a885,,,,17180886010,QmR7eV3LzKRvgXuKE9VZ7wBukGNrF9W2TTt2Zm8j85kiF5.car,QmR7eV3LzKRvgXuKE9VZ7wBukGNrF9W2TTt2Zm8j85kiF5.car,,http://download2.storefrontiers.cn/ipfs/QmWpN1T7JKuYqShWq4E1XqjarS8kcodku2mtqS7JdPj4KL,34091302912,QmR7eV3LzKRvgXuKE9VZ7wBukGNrF9W2TTt2Zm8j85kiF5,baga6ea4seaqkw2crhm7eviebrxglm7mliemrwlduacpsdftyhodfdjdjr26kena,,2,"[{""DealCid"":""bafyreihd5isnjbv63gozvv63u6w4ro7cdzchnv7y2slt6rqmbuw4vd3x4u"",""MinerFid"":""f02186655"",""StartEpoch"":2878137,""Cost"":""""}]"
a18f3b34-be7c-4baa-9bd0-aa0fc8d9a885,,,,17180886010,QmR7eV3LzKRvgXuKE9VZ7wBukGNrF9W2TTt2Zm8j85kiF5.car,QmR7eV3LzKRvgXuKE9VZ7wBukGNrF9W2TTt2Zm8j85kiF5.car,,http://download2.storefrontiers.cn/ipfs/QmWpN1T7JKuYqShWq4E1XqjarS8kcodku2mtqS7JdPj4KL,34091302912,QmR7eV3LzKRvgXuKE9VZ7wBukGNrF9W2TTt2Zm8j85kiF5,baga6ea4seaqkw2crhm7eviebrxglm7mliemrwlduacpsdftyhodfdjdjr26kena,,2,"[{""DealCid"":""bafyreigigktrjwqclxj2kibgjz7ilnrmreu27grknmcavrc7lzbjbsn6ue"",""MinerFid"":""f01888808"",""StartEpoch"":2878137,""Cost"":""""}]"
a18f3b34-be7c-4baa-9bd0-aa0fc8d9a885,,,,17180886010,QmR7eV3LzKRvgXuKE9VZ7wBukGNrF9W2TTt2Zm8j85kiF5.car,QmR7eV3LzKRvgXuKE9VZ7wBukGNrF9W2TTt2Zm8j85kiF5.car,,http://download2.storefrontiers.cn/ipfs/QmWpN1T7JKuYqShWq4E1XqjarS8kcodku2mtqS7JdPj4KL,34091302912,QmR7eV3LzKRvgXuKE9VZ7wBukGNrF9W2TTt2Zm8j85kiF5,baga6ea4seaqkw2crhm7eviebrxglm7mliemrwlduacpsdftyhodfdjdjr26kena,,2,"[{""DealCid"":""bafyreieqm6i7ob4cyhp7qmmabb4t3pw2cjrsydwhglravb43achotv3ksy"",""MinerFid"":""f02301"",""StartEpoch"":2878137,""Cost"":""""}]"
a18f3b34-be7c-4baa-9bd0-aa0fc8d9a885,,,,17180886010,QmR7eV3LzKRvgXuKE9VZ7wBukGNrF9W2TTt2Zm8j85kiF5.car,QmR7eV3LzKRvgXuKE9VZ7wBukGNrF9W2TTt2Zm8j85kiF5.car,,http://download2.storefrontiers.cn/ipfs/QmWpN1T7JKuYqShWq4E1XqjarS8kcodku2mtqS7JdPj4KL,34091302912,QmR7eV3LzKRvgXuKE9VZ7wBukGNrF9W2TTt2Zm8j85kiF5,baga6ea4seaqkw2crhm7eviebrxglm7mliemrwlduacpsdftyhodfdjdjr26kena,,2,"[{""DealCid"":""bafyreidaz2nt22j74bbsdgs7spa7twgbp6fxcfgha6oxtoplh6i7ycx2wy"",""MinerFid"":""f0240185"",""StartEpoch"":2878137,""Cost"":""""}]"
a18f3b34-be7c-4baa-9bd0-aa0fc8d9a885,,,,17180886010,QmR7eV3LzKRvgXuKE9VZ7wBukGNrF9W2TTt2Zm8j85kiF5.car,QmR7eV3LzKRvgXuKE9VZ7wBukGNrF9W2TTt2Zm8j85kiF5.car,,http://download2.storefrontiers.cn/ipfs/QmWpN1T7JKuYqShWq4E1XqjarS8kcodku2mtqS7JdPj4KL,34091302912,QmR7eV3LzKRvgXuKE9VZ7wBukGNrF9W2TTt2Zm8j85kiF5,baga6ea4seaqkw2crhm7eviebrxglm7mliemrwlduacpsdftyhodfdjdjr26kena,,2,"[{""DealCid"":""bafyreidckcbckgsgalardzllqwccq6oxfrzwvlsb6fiv7mhkwqml7dq3pq"",""MinerFid"":""f03223"",""StartEpoch"":2878137,""Cost"":""""}]"
a18f3b34-be7c-4baa-9bd0-aa0fc8d9a885,,,,17180886010,QmR7eV3LzKRvgXuKE9VZ7wBukGNrF9W2TTt2Zm8j85kiF5.car,QmR7eV3LzKRvgXuKE9VZ7wBukGNrF9W2TTt2Zm8j85kiF5.car,,http://download2.storefrontiers.cn/ipfs/QmWpN1T7JKuYqShWq4E1XqjarS8kcodku2mtqS7JdPj4KL,34091302912,QmR7eV3LzKRvgXuKE9VZ7wBukGNrF9W2TTt2Zm8j85kiF5,baga6ea4seaqkw2crhm7eviebrxglm7mliemrwlduacpsdftyhodfdjdjr26kena,,2,"[{""DealCid"":""bafyreiamz3u6vc5s3qldr5isxgz2auo4tcpvk7afq2b2kl7w7rc3pjm7yu"",""MinerFid"":""f01337533"",""StartEpoch"":2878137,""Cost"":""""}]"
a18f3b34-be7c-4baa-9bd0-aa0fc8d9a885,,,,17180886010,QmR7eV3LzKRvgXuKE9VZ7wBukGNrF9W2TTt2Zm8j85kiF5.car,QmR7eV3LzKRvgXuKE9VZ7wBukGNrF9W2TTt2Zm8j85kiF5.car,,http://download2.storefrontiers.cn/ipfs/QmWpN1T7JKuYqShWq4E1XqjarS8kcodku2mtqS7JdPj4KL,34091302912,QmR7eV3LzKRvgXuKE9VZ7wBukGNrF9W2TTt2Zm8j85kiF5,baga6ea4seaqkw2crhm7eviebrxglm7mliemrwlduacpsdftyhodfdjdjr26kena,,2,"[{""DealCid"":""bafyreifl2rampyvfrxyooy5ry2g6sip3ymzcmfoicqzpagimrgkpjflobi"",""MinerFid"":""f01163272"",""StartEpoch"":2878137,""Cost"":""""}]"
a18f3b34-be7c-4baa-9bd0-aa0fc8d9a885,,,,17180886010,QmR7eV3LzKRvgXuKE9VZ7wBukGNrF9W2TTt2Zm8j85kiF5.car,QmR7eV3LzKRvgXuKE9VZ7wBukGNrF9W2TTt2Zm8j85kiF5.car,,http://download2.storefrontiers.cn/ipfs/QmWpN1T7JKuYqShWq4E1XqjarS8kcodku2mtqS7JdPj4KL,34091302912,QmR7eV3LzKRvgXuKE9VZ7wBukGNrF9W2TTt2Zm8j85kiF5,baga6ea4seaqkw2crhm7eviebrxglm7mliemrwlduacpsdftyhodfdjdjr26kena,,2,"[{""DealCid"":""bafyreidy25uzoiibczb7eee6n7z5w3wyvrkynbjzt7w5fbxaj5vjn43dp4"",""MinerFid"":""f01222595"",""StartEpoch"":2878137,""Cost"":""""}]"
a18f3b34-be7c-4baa-9bd0-aa0fc8d9a885,,,,17180886010,QmR7eV3LzKRvgXuKE9VZ7wBukGNrF9W2TTt2Zm8j85kiF5.car,QmR7eV3LzKRvgXuKE9VZ7wBukGNrF9W2TTt2Zm8j85kiF5.car,,http://download2.storefrontiers.cn/ipfs/QmWpN1T7JKuYqShWq4E1XqjarS8kcodku2mtqS7JdPj4KL,34091302912,QmR7eV3LzKRvgXuKE9VZ7wBukGNrF9W2TTt2Zm8j85kiF5,baga6ea4seaqkw2crhm7eviebrxglm7mliemrwlduacpsdftyhodfdjdjr26kena,,2,"[{""DealCid"":""bafyreido4nhxaqzjp6qarlefctrl2qyznrh2duk4flzdhy24vnmwi6bwx4"",""MinerFid"":""f0717969"",""StartEpoch"":2878137,""Cost"":""""}]"
a18f3b34-be7c-4baa-9bd0-aa0fc8d9a885,,,,17180886010,QmR7eV3LzKRvgXuKE9VZ7wBukGNrF9W2TTt2Zm8j85kiF5.car,QmR7eV3LzKRvgXuKE9VZ7wBukGNrF9W2TTt2Zm8j85kiF5.car,,http://download2.storefrontiers.cn/ipfs/QmWpN1T7JKuYqShWq4E1XqjarS8kcodku2mtqS7JdPj4KL,34091302912,QmR7eV3LzKRvgXuKE9VZ7wBukGNrF9W2TTt2Zm8j85kiF5,baga6ea4seaqkw2crhm7eviebrxglm7mliemrwlduacpsdftyhodfdjdjr26kena,,2,"[{""DealCid"":""bafyreie5cyt3ddzwa6bleqhpiblzk7lzk5zlrbb7v45jjggvpdxwmisigi"",""MinerFid"":""f02003005"",""StartEpoch"":2878137,""Cost"":""""}]"
a18f3b34-be7c-4baa-9bd0-aa0fc8d9a885,,,,17180886010,QmR7eV3LzKRvgXuKE9VZ7wBukGNrF9W2TTt2Zm8j85kiF5.car,QmR7eV3LzKRvgXuKE9VZ7wBukGNrF9W2TTt2Zm8j85kiF5.car,,http://download2.storefrontiers.cn/ipfs/QmWpN1T7JKuYqShWq4E1XqjarS8kcodku2mtqS7JdPj4KL,34091302912,QmR7eV3LzKRvgXuKE9VZ7wBukGNrF9W2TTt2Zm8j85kiF5,baga6ea4seaqkw2crhm7eviebrxglm7mliemrwlduacpsdftyhodfdjdjr26kena,,2,"[{""DealCid"":""bafyreifhfmpmrcuqdosxfb2ozuwqm5cr3r4iro7tsrekrt6k5m54onchmm"",""MinerFid"":""f0143858"",""StartEpoch"":2878137,""Cost"":""""}]"
a18f3b34-be7c-4baa-9bd0-aa0fc8d9a885,,,,17180886010,QmR7eV3LzKRvgXuKE9VZ7wBukGNrF9W2TTt2Zm8j85kiF5.car,QmR7eV3LzKRvgXuKE9VZ7wBukGNrF9W2TTt2Zm8j85kiF5.car,,http://download2.storefrontiers.cn/ipfs/QmWpN1T7JKuYqShWq4E1XqjarS8kcodku2mtqS7JdPj4KL,34091302912,QmR7eV3LzKRvgXuKE9VZ7wBukGNrF9W2TTt2Zm8j85kiF5,baga6ea4seaqkw2crhm7eviebrxglm7mliemrwlduacpsdftyhodfdjdjr26kena,,2,"[{""DealCid"":""bafyreiddqym6zpjkdppabqbkelikru7454dkytho6ktdbcx5ht73bpj6ue"",""MinerFid"":""f01862564"",""StartEpoch"":2878137,""Cost"":""""}]"
a18f3b34-be7c-4baa-9bd0-aa0fc8d9a885,,,,17180886010,QmU9KTrPL8UsUowS3oMEvLKC3fTq8952iVC6mQFrMyGdcB.car,QmU9KTrPL8UsUowS3oMEvLKC3fTq8952iVC6mQFrMyGdcB.car,,http://download2.storefrontiers.cn/ipfs/QmPaUAhrAj8H67zjqZmkYVWv1Ss3k3hf16546drDteSR6w,34091302912,QmU9KTrPL8UsUowS3oMEvLKC3fTq8952iVC6mQFrMyGdcB,baga6ea4seaqof2p37wmlodefk6hybfhy7wkaod3pkus2oob7ldiyvgmpgkw5woa,,2,"[{""DealCid"":""bafyreibpdlzgiwum7o7svqgzbmpezu62rzkntavozw2bmxsdd56q4mielq"",""MinerFid"":""f02301"",""StartEpoch"":2878137,""Cost"":""""}]"
a18f3b34-be7c-4baa-9bd0-aa0fc8d9a885,,,,17180886010,QmU9KTrPL8UsUowS3oMEvLKC3fTq8952iVC6mQFrMyGdcB.car,QmU9KTrPL8UsUowS3oMEvLKC3fTq8952iVC6mQFrMyGdcB.car,,http://download2.storefrontiers.cn/ipfs/QmPaUAhrAj8H67zjqZmkYVWv1Ss3k3hf16546drDteSR6w,34091302912,QmU9KTrPL8UsUowS3oMEvLKC3fTq8952iVC6mQFrMyGdcB,baga6ea4seaqof2p37wmlodefk6hybfhy7wkaod3pkus2oob7ldiyvgmpgkw5woa,,2,"[{""DealCid"":""bafyreif2a3jdi755cqqnsy7t4w6lhrwh4lhdvrnqj7r2qbnvnjrsx4e7le"",""MinerFid"":""f01888808"",""StartEpoch"":2878137,""Cost"":""""}]"
a18f3b34-be7c-4baa-9bd0-aa0fc8d9a885,,,,17180886010,QmU9KTrPL8UsUowS3oMEvLKC3fTq8952iVC6mQFrMyGdcB.car,QmU9KTrPL8UsUowS3oMEvLKC3fTq8952iVC6mQFrMyGdcB.car,,http://download2.storefrontiers.cn/ipfs/QmPaUAhrAj8H67zjqZmkYVWv1Ss3k3hf16546drDteSR6w,34091302912,QmU9KTrPL8UsUowS3oMEvLKC3fTq8952iVC6mQFrMyGdcB,baga6ea4seaqof2p37wmlodefk6hybfhy7wkaod3pkus2oob7ldiyvgmpgkw5woa,,2,"[{""DealCid"":""bafyreidyni6ydgeb4peo6ribbk66f3grkjvowmt4ap3g5bbkzorr2wmo6u"",""MinerFid"":""f0717969"",""StartEpoch"":2878137,""Cost"":""""}]"
a18f3b34-be7c-4baa-9bd0-aa0fc8d9a885,,,,17180886010,QmU9KTrPL8UsUowS3oMEvLKC3fTq8952iVC6mQFrMyGdcB.car,QmU9KTrPL8UsUowS3oMEvLKC3fTq8952iVC6mQFrMyGdcB.car,,http://download2.storefrontiers.cn/ipfs/QmPaUAhrAj8H67zjqZmkYVWv1Ss3k3hf16546drDteSR6w,34091302912,QmU9KTrPL8UsUowS3oMEvLKC3fTq8952iVC6mQFrMyGdcB,baga6ea4seaqof2p37wmlodefk6hybfhy7wkaod3pkus2oob7ldiyvgmpgkw5woa,,2,"[{""DealCid"":""bafyreib7vndmwnkddemwweghu2gmiy34hgnky24dbznpsupkjrruygmica"",""MinerFid"":""f01222595"",""StartEpoch"":2878137,""Cost"":""""}]"
a18f3b34-be7c-4baa-9bd0-aa0fc8d9a885,,,,17180886010,QmU9KTrPL8UsUowS3oMEvLKC3fTq8952iVC6mQFrMyGdcB.car,QmU9KTrPL8UsUowS3oMEvLKC3fTq8952iVC6mQFrMyGdcB.car,,http://download2.storefrontiers.cn/ipfs/QmPaUAhrAj8H67zjqZmkYVWv1Ss3k3hf16546drDteSR6w,34091302912,QmU9KTrPL8UsUowS3oMEvLKC3fTq8952iVC6mQFrMyGdcB,baga6ea4seaqof2p37wmlodefk6hybfhy7wkaod3pkus2oob7ldiyvgmpgkw5woa,,2,"[{""DealCid"":""bafyreih3ciaxjmbgwal6n7tx7fae4rx4fdi2u45rmbkg2ydzkvmdwwniwe"",""MinerFid"":""f01163272"",""StartEpoch"":2878137,""Cost"":""""}]"
a18f3b34-be7c-4baa-9bd0-aa0fc8d9a885,,,,17180886010,QmU9KTrPL8UsUowS3oMEvLKC3fTq8952iVC6mQFrMyGdcB.car,QmU9KTrPL8UsUowS3oMEvLKC3fTq8952iVC6mQFrMyGdcB.car,,http://download2.storefrontiers.cn/ipfs/QmPaUAhrAj8H67zjqZmkYVWv1Ss3k3hf16546drDteSR6w,34091302912,QmU9KTrPL8UsUowS3oMEvLKC3fTq8952iVC6mQFrMyGdcB,baga6ea4seaqof2p37wmlodefk6hybfhy7wkaod3pkus2oob7ldiyvgmpgkw5woa,,2,"[{""DealCid"":""bafyreiaiatg3gkfiwbkbu7f44uu2e2mikxpxykky5u4rudgsojx2qom3ma"",""MinerFid"":""f0143858"",""StartEpoch"":2878137,""Cost"":""""}]"
a18f3b34-be7c-4baa-9bd0-aa0fc8d9a885,,,,17180886010,QmU9KTrPL8UsUowS3oMEvLKC3fTq8952iVC6mQFrMyGdcB.car,QmU9KTrPL8UsUowS3oMEvLKC3fTq8952iVC6mQFrMyGdcB.car,,http://download2.storefrontiers.cn/ipfs/QmPaUAhrAj8H67zjqZmkYVWv1Ss3k3hf16546drDteSR6w,34091302912,QmU9KTrPL8UsUowS3oMEvLKC3fTq8952iVC6mQFrMyGdcB,baga6ea4seaqof2p37wmlodefk6hybfhy7wkaod3pkus2oob7ldiyvgmpgkw5woa,,2,"[{""DealCid"":""bafyreie4ji7ofnkznbqsd2zquw4vzwhfzz63rshujsnkp5ud5wqwugviae"",""MinerFid"":""f02003005"",""StartEpoch"":2878137,""Cost"":""""}]"
a18f3b34-be7c-4baa-9bd0-aa0fc8d9a885,,,,17180886010,QmU9KTrPL8UsUowS3oMEvLKC3fTq8952iVC6mQFrMyGdcB.car,QmU9KTrPL8UsUowS3oMEvLKC3fTq8952iVC6mQFrMyGdcB.car,,http://download2.storefrontiers.cn/ipfs/QmPaUAhrAj8H67zjqZmkYVWv1Ss3k3hf16546drDteSR6w,34091302912,QmU9KTrPL8UsUowS3oMEvLKC3fTq8952iVC6mQFrMyGdcB,baga6ea4seaqof2p37wmlodefk6hybfhy7wkaod3pkus2oob7ldiyvgmpgkw5woa,,2,"[{""DealCid"":""bafyreid5ief6bimqjpp3nbk34s6agxjtqdefjqnt3wbw5kofjtiiyt6x5i"",""MinerFid"":""f08399"",""StartEpoch"":2878137,""Cost"":""""}]"
a18f3b34-be7c-4baa-9bd0-aa0fc8d9a885,,,,17180886010,QmU9KTrPL8UsUowS3oMEvLKC3fTq8952iVC6mQFrMyGdcB.car,QmU9KTrPL8UsUowS3oMEvLKC3fTq8952iVC6mQFrMyGdcB.car,,http://download2.storefrontiers.cn/ipfs/QmPaUAhrAj8H67zjqZmkYVWv1Ss3k3hf16546drDteSR6w,34091302912,QmU9KTrPL8UsUowS3oMEvLKC3fTq8952iVC6mQFrMyGdcB,baga6ea4seaqof2p37wmlodefk6hybfhy7wkaod3pkus2oob7ldiyvgmpgkw5woa,,2,"[{""DealCid"":""bafyreid2stftwgsptwyahj3dsz2hipkxxfzw4bpex4xi7pfml7qd34rili"",""MinerFid"":""f01862564"",""StartEpoch"":2878137,""Cost"":""""}]"
a18f3b34-be7c-4baa-9bd0-aa0fc8d9a885,,,,17180886010,QmU9KTrPL8UsUowS3oMEvLKC3fTq8952iVC6mQFrMyGdcB.car,QmU9KTrPL8UsUowS3oMEvLKC3fTq8952iVC6mQFrMyGdcB.car,,http://download2.storefrontiers.cn/ipfs/QmPaUAhrAj8H67zjqZmkYVWv1Ss3k3hf16546drDteSR6w,34091302912,QmU9KTrPL8UsUowS3oMEvLKC3fTq8952iVC6mQFrMyGdcB,baga6ea4seaqof2p37wmlodefk6hybfhy7wkaod3pkus2oob7ldiyvgmpgkw5woa,,2,"[{""DealCid"":""bafyreiayd54i6dbf7b3csg34qboszhjvba7qvw7pax4m4gxx4twpg2k35y"",""MinerFid"":""f02012951"",""StartEpoch"":2878137,""Cost"":""""}]"
a18f3b34-be7c-4baa-9bd0-aa0fc8d9a885,,,,17180886010,QmU9KTrPL8UsUowS3oMEvLKC3fTq8952iVC6mQFrMyGdcB.car,QmU9KTrPL8UsUowS3oMEvLKC3fTq8952iVC6mQFrMyGdcB.car,,http://download2.storefrontiers.cn/ipfs/QmPaUAhrAj8H67zjqZmkYVWv1Ss3k3hf16546drDteSR6w,34091302912,QmU9KTrPL8UsUowS3oMEvLKC3fTq8952iVC6mQFrMyGdcB,baga6ea4seaqof2p37wmlodefk6hybfhy7wkaod3pkus2oob7ldiyvgmpgkw5woa,,2,"[{""DealCid"":""bafyreihlc5q2hq4hhio3d6juax7ncwiumy42dxnb5w4irzcba2qiqqwf2q"",""MinerFid"":""f01225882"",""StartEpoch"":2878137,""Cost"":""""}]"
a18f3b34-be7c-4baa-9bd0-aa0fc8d9a885,,,,17180886010,QmU9KTrPL8UsUowS3oMEvLKC3fTq8952iVC6mQFrMyGdcB.car,QmU9KTrPL8UsUowS3oMEvLKC3fTq8952iVC6mQFrMyGdcB.car,,http://download2.storefrontiers.cn/ipfs/QmPaUAhrAj8H67zjqZmkYVWv1Ss3k3hf16546drDteSR6w,34091302912,QmU9KTrPL8UsUowS3oMEvLKC3fTq8952iVC6mQFrMyGdcB,baga6ea4seaqof2p37wmlodefk6hybfhy7wkaod3pkus2oob7ldiyvgmpgkw5woa,,2,"[{""DealCid"":""bafyreidznivb6lu7cnwsleh3xxjbllsph2ltjbefxm23xzb6eowe3cj3oi"",""MinerFid"":""f03223"",""StartEpoch"":2878137,""Cost"":""""}]"
a18f3b34-be7c-4baa-9bd0-aa0fc8d9a885,,,,17180886010,QmU9KTrPL8UsUowS3oMEvLKC3fTq8952iVC6mQFrMyGdcB.car,QmU9KTrPL8UsUowS3oMEvLKC3fTq8952iVC6mQFrMyGdcB.car,,http://download2.storefrontiers.cn/ipfs/QmPaUAhrAj8H67zjqZmkYVWv1Ss3k3hf16546drDteSR6w,34091302912,QmU9KTrPL8UsUowS3oMEvLKC3fTq8952iVC6mQFrMyGdcB,baga6ea4seaqof2p37wmlodefk6hybfhy7wkaod3pkus2oob7ldiyvgmpgkw5woa,,2,"[{""DealCid"":""bafyreicw6gecgolu73viqq6bzvike3bexl3x7rpi57qmm77m6hvsbjwy5e"",""MinerFid"":""f01337533"",""StartEpoch"":2878137,""Cost"":""""}]"
a18f3b34-be7c-4baa-9bd0-aa0fc8d9a885,,,,17180886010,QmU9KTrPL8UsUowS3oMEvLKC3fTq8952iVC6mQFrMyGdcB.car,QmU9KTrPL8UsUowS3oMEvLKC3fTq8952iVC6mQFrMyGdcB.car,,http://download2.storefrontiers.cn/ipfs/QmPaUAhrAj8H67zjqZmkYVWv1Ss3k3hf16546drDteSR6w,34091302912,QmU9KTrPL8UsUowS3oMEvLKC3fTq8952iVC6mQFrMyGdcB,baga6ea4seaqof2p37wmlodefk6hybfhy7wkaod3pkus2oob7ldiyvgmpgkw5woa,,2,"[{""DealCid"":""bafyreiesm756u2733os3wayfyqwi4updeix3unseamewpmjf4oczywmuaq"",""MinerFid"":""f0240185"",""StartEpoch"":2878137,""Cost"":""""}]"
a18f3b34-be7c-4baa-9bd0-aa0fc8d9a885,,,,11124820292,QmNNHwAt8SLGPRSPSPJ97eBhPwD1wNodie69pZjNTDaZd3.car,QmNNHwAt8SLGPRSPSPJ97eBhPwD1wNodie69pZjNTDaZd3.car,,http://download2.storefrontiers.cn/ipfs/QmRtkmtFjBJG3T7xd9V95nh5n4ogqSywkyDCLWPb58HApv,17045651456,QmNNHwAt8SLGPRSPSPJ97eBhPwD1wNodie69pZjNTDaZd3,baga6ea4seaqfebaebxqewqzn3mumxhmplp3jswhazoqyp32e72jxe2wg5zljuei,,2,"[{""DealCid"":""bafyreia4zw2vpdscpfl7bl7l7stqhtnrvscqcjukhtbjxkqd7cogxfo2si"",""MinerFid"":""f01222595"",""StartEpoch"":2878137,""Cost"":""""}]"
a18f3b34-be7c-4baa-9bd0-aa0fc8d9a885,,,,11124820292,QmNNHwAt8SLGPRSPSPJ97eBhPwD1wNodie69pZjNTDaZd3.car,QmNNHwAt8SLGPRSPSPJ97eBhPwD1wNodie69pZjNTDaZd3.car,,http://download2.storefrontiers.cn/ipfs/QmRtkmtFjBJG3T7xd9V95nh5n4ogqSywkyDCLWPb58HApv,17045651456,QmNNHwAt8SLGPRSPSPJ97eBhPwD1wNodie69pZjNTDaZd3,baga6ea4seaqfebaebxqewqzn3mumxhmplp3jswhazoqyp32e72jxe2wg5zljuei,,2,"[{""DealCid"":""bafyreidpnajksh5ucyrnhysomtz6bwjbznr2ua6doaknsb4tlc5kj4u3me"",""MinerFid"":""f03223"",""StartEpoch"":2878137,""Cost"":""""}]"
a18f3b34-be7c-4baa-9bd0-aa0fc8d9a885,,,,11124820292,QmNNHwAt8SLGPRSPSPJ97eBhPwD1wNodie69pZjNTDaZd3.car,QmNNHwAt8SLGPRSPSPJ97eBhPwD1wNodie69pZjNTDaZd3.car,,http://download2.storefrontiers.cn/ipfs/QmRtkmtFjBJG3T7xd9V95nh5n4ogqSywkyDCLWPb58HApv,17045651456,QmNNHwAt8SLGPRSPSPJ97eBhPwD1wNodie69pZjNTDaZd3,baga6ea4seaqfebaebxqewqzn3mumxhmplp3jswhazoqyp32e72jxe2wg5zljuei,,2,"[{""DealCid"":""bafyreiaaxydkxxj42qgmz5wrzq6soshc77g3kzxc2ds34srcgof4ajr53i"",""MinerFid"":""f0143858"",""StartEpoch"":2878137,""Cost"":""""}]"
a18f3b34-be7c-4baa-9bd0-aa0fc8d9a885,,,,11124820292,QmNNHwAt8SLGPRSPSPJ97eBhPwD1wNodie69pZjNTDaZd3.car,QmNNHwAt8SLGPRSPSPJ97eBhPwD1wNodie69pZjNTDaZd3.car,,http://download2.storefrontiers.cn/ipfs/QmRtkmtFjBJG3T7xd9V95nh5n4ogqSywkyDCLWPb58HApv,17045651456,QmNNHwAt8SLGPRSPSPJ97eBhPwD1wNodie69pZjNTDaZd3,baga6ea4seaqfebaebxqewqzn3mumxhmplp3jswhazoqyp32e72jxe2wg5zljuei,,2,"[{""DealCid"":""bafyreib2bwazjeiei77kaecgfy2qsmnqvrydjnqx3t4re42vrrdzt6kni4"",""MinerFid"":""f0717969"",""StartEpoch"":2878137,""Cost"":""""}]"
a18f3b34-be7c-4baa-9bd0-aa0fc8d9a885,,,,11124820292,QmNNHwAt8SLGPRSPSPJ97eBhPwD1wNodie69pZjNTDaZd3.car,QmNNHwAt8SLGPRSPSPJ97eBhPwD1wNodie69pZjNTDaZd3.car,,http://download2.storefrontiers.cn/ipfs/QmRtkmtFjBJG3T7xd9V95nh5n4ogqSywkyDCLWPb58HApv,17045651456,QmNNHwAt8SLGPRSPSPJ97eBhPwD1wNodie69pZjNTDaZd3,baga6ea4seaqfebaebxqewqzn3mumxhmplp3jswhazoqyp32e72jxe2wg5zljuei,,2,"[{""DealCid"":""bafyreidrdfzxrdz6xopftsksqqsdqkotbh24tvlaa7dqf6onmiypltcjgu"",""MinerFid"":""f02003005"",""StartEpoch"":2878137,""Cost"":""""}]"
a18f3b34-be7c-4baa-9bd0-aa0fc8d9a885,,,,11124820292,QmNNHwAt8SLGPRSPSPJ97eBhPwD1wNodie69pZjNTDaZd3.car,QmNNHwAt8SLGPRSPSPJ97eBhPwD1wNodie69pZjNTDaZd3.car,,http://download2.storefrontiers.cn/ipfs/QmRtkmtFjBJG3T7xd9V95nh5n4ogqSywkyDCLWPb58HApv,17045651456,QmNNHwAt8SLGPRSPSPJ97eBhPwD1wNodie69pZjNTDaZd3,baga6ea4seaqfebaebxqewqzn3mumxhmplp3jswhazoqyp32e72jxe2wg5zljuei,,2,"[{""DealCid"":""bafyreihwumbzbwk2giwpj5qi3kbgihxhm5kb6aldwfbnezuegkn66gfk2y"",""MinerFid"":""f01163272"",""StartEpoch"":2878137,""Cost"":""""}]"
a18f3b34-be7c-4baa-9bd0-aa0fc8d9a885,,,,11124820292,QmNNHwAt8SLGPRSPSPJ97eBhPwD1wNodie69pZjNTDaZd3.car,QmNNHwAt8SLGPRSPSPJ97eBhPwD1wNodie69pZjNTDaZd3.car,,http://download2.storefrontiers.cn/ipfs/QmRtkmtFjBJG3T7xd9V95nh5n4ogqSywkyDCLWPb58HApv,17045651456,QmNNHwAt8SLGPRSPSPJ97eBhPwD1wNodie69pZjNTDaZd3,baga6ea4seaqfebaebxqewqzn3mumxhmplp3jswhazoqyp32e72jxe2wg5zljuei,,2,"[{""DealCid"":""bafyreibjie3kajaugo3qtwjlulrex2iogqt6s562bf4gpinxwoqmsx24ei"",""MinerFid"":""f08399"",""StartEpoch"":2878137,""Cost"":""""}]"
a18f3b34-be7c-4baa-9bd0-aa0fc8d9a885,,,,11124820292,QmNNHwAt8SLGPRSPSPJ97eBhPwD1wNodie69pZjNTDaZd3.car,QmNNHwAt8SLGPRSPSPJ97eBhPwD1wNodie69pZjNTDaZd3.car,,http://download2.storefrontiers.cn/ipfs/QmRtkmtFjBJG3T7xd9V95nh5n4ogqSywkyDCLWPb58HApv,17045651456,QmNNHwAt8SLGPRSPSPJ97eBhPwD1wNodie69pZjNTDaZd3,baga6ea4seaqfebaebxqewqzn3mumxhmplp3jswhazoqyp32e72jxe2wg5zljuei,,2,"[{""DealCid"":""bafyreiakcnn2juz2vkxvpb5t3lvmxb7b2b4leq2phnu56p4ehawrj5bna4"",""MinerFid"":""f02301"",""StartEpoch"":2878137,""Cost"":""""}]"
a18f3b34-be7c-4baa-9bd0-aa0fc8d9a885,,,,11124820292,QmNNHwAt8SLGPRSPSPJ97eBhPwD1wNodie69pZjNTDaZd3.car,QmNNHwAt8SLGPRSPSPJ97eBhPwD1wNodie69pZjNTDaZd3.car,,http://download2.storefrontiers.cn/ipfs/QmRtkmtFjBJG3T7xd9V95nh5n4ogqSywkyDCLWPb58HApv,17045651456,QmNNHwAt8SLGPRSPSPJ97eBhPwD1wNodie69pZjNTDaZd3,baga6ea4seaqfebaebxqewqzn3mumxhmplp3jswhazoqyp32e72jxe2wg5zljuei,,2,"[{""DealCid"":""bafyreiam3itjgeqxauqt42k3vxs3yyewnyt57br33vuz5dj6tahtmonhku"",""MinerFid"":""f01888808"",""StartEpoch"":2878137,""Cost"":""""}]"
a18f3b34-be7c-4baa-9bd0-aa0fc8d9a885,,,,11124820292,QmNNHwAt8SLGPRSPSPJ97eBhPwD1wNodie69pZjNTDaZd3.car,QmNNHwAt8SLGPRSPSPJ97eBhPwD1wNodie69pZjNTDaZd3.car,,http://download2.storefrontiers.cn/ipfs/QmRtkmtFjBJG3T7xd9V95nh5n4ogqSywkyDCLWPb58HApv,17045651456,QmNNHwAt8SLGPRSPSPJ97eBhPwD1wNodie69pZjNTDaZd3,baga6ea4seaqfebaebxqewqzn3mumxhmplp3jswhazoqyp32e72jxe2wg5zljuei,,2,"[{""DealCid"":""bafyreiea3hjw3gny5lxdca2kogqo5jo37ed52dpm44mak7xk73ahz5sj3e"",""MinerFid"":""f02012951"",""StartEpoch"":2878137,""Cost"":""""}]"
a18f3b34-be7c-4baa-9bd0-aa0fc8d9a885,,,,11124820292,QmNNHwAt8SLGPRSPSPJ97eBhPwD1wNodie69pZjNTDaZd3.car,QmNNHwAt8SLGPRSPSPJ97eBhPwD1wNodie69pZjNTDaZd3.car,,http://download2.storefrontiers.cn/ipfs/QmRtkmtFjBJG3T7xd9V95nh5n4ogqSywkyDCLWPb58HApv,17045651456,QmNNHwAt8SLGPRSPSPJ97eBhPwD1wNodie69pZjNTDaZd3,baga6ea4seaqfebaebxqewqzn3mumxhmplp3jswhazoqyp32e72jxe2wg5zljuei,,2,"[{""DealCid"":""bafyreiclbqwia76gn3npymdo23bdzy6osprpdhwsbdmaw4kpgbt6bneuye"",""MinerFid"":""f01337533"",""StartEpoch"":2878137,""Cost"":""""}]"
a18f3b34-be7c-4baa-9bd0-aa0fc8d9a885,,,,11124820292,QmNNHwAt8SLGPRSPSPJ97eBhPwD1wNodie69pZjNTDaZd3.car,QmNNHwAt8SLGPRSPSPJ97eBhPwD1wNodie69pZjNTDaZd3.car,,http://download2.storefrontiers.cn/ipfs/QmRtkmtFjBJG3T7xd9V95nh5n4ogqSywkyDCLWPb58HApv,17045651456,QmNNHwAt8SLGPRSPSPJ97eBhPwD1wNodie69pZjNTDaZd3,baga6ea4seaqfebaebxqewqzn3mumxhmplp3jswhazoqyp32e72jxe2wg5zljuei,,2,"[{""DealCid"":""bafyreihgnolqmfc7lfwrpmrcv6dlsphoxlrvdix4y2biananehqdxvdmve"",""MinerFid"":""f01225882"",""StartEpoch"":2878137,""Cost"":""""}]"
a18f3b34-be7c-4baa-9bd0-aa0fc8d9a885,,,,11124820292,QmNNHwAt8SLGPRSPSPJ97eBhPwD1wNodie69pZjNTDaZd3.car,QmNNHwAt8SLGPRSPSPJ97eBhPwD1wNodie69pZjNTDaZd3.car,,http://download2.storefrontiers.cn/ipfs/QmRtkmtFjBJG3T7xd9V95nh5n4ogqSywkyDCLWPb58HApv,17045651456,QmNNHwAt8SLGPRSPSPJ97eBhPwD1wNodie69pZjNTDaZd3,baga6ea4seaqfebaebxqewqzn3mumxhmplp3jswhazoqyp32e72jxe2wg5zljuei,,2,"[{""DealCid"":""bafyreihpu4r3dcp6aaqhbf32zebl2nydca7ayh6weinog5cd56yu44yika"",""MinerFid"":""f01862564"",""StartEpoch"":2878137,""Cost"":""""}]"
a18f3b34-be7c-4baa-9bd0-aa0fc8d9a885,,,,11124820292,QmNNHwAt8SLGPRSPSPJ97eBhPwD1wNodie69pZjNTDaZd3.car,QmNNHwAt8SLGPRSPSPJ97eBhPwD1wNodie69pZjNTDaZd3.car,,http://download2.storefrontiers.cn/ipfs/QmRtkmtFjBJG3T7xd9V95nh5n4ogqSywkyDCLWPb58HApv,17045651456,QmNNHwAt8SLGPRSPSPJ97eBhPwD1wNodie69pZjNTDaZd3,baga6ea4seaqfebaebxqewqzn3mumxhmplp3jswhazoqyp32e72jxe2wg5zljuei,,2,"[{""DealCid"":""bafyreifnp7h7b7qqsxctwqpmcabuvd74zq5wk3h3dwcnbet4z3dpakk2ea"",""MinerFid"":""f0240185"",""StartEpoch"":2878137,""Cost"":""""}]"
