task_uuid,source_file_name,car_file_url,car_file_size,miner,deal_uuid,start_epoch,piece_cid,payload_cid
dadabc4c-c140-4842-bce5-d040d4e2fd0c,20230504,http://download.storefrontiers.cn/ipfs/QmeLgetwK6AyBKGVXG2km4F83rg5FT7BJ4sUqas4S9SsHm,34091302912,f01337533,bafyreie2eczw3hm5dmwszda27bxdj6aq4jamuik2ubk4mwxhchhgrr7f6a,2852593,baga6ea4seaqkqgqaopmjvxj52vgzedqr2javt73myieetx3jgdx7i525qakamei,QmNvmWxNG3Bd63wDkvW4HfayTgYny3uU95CteF3p2c19Cd
dadabc4c-c140-4842-bce5-d040d4e2fd0c,20230504,http://download.storefrontiers.cn/ipfs/QmeLgetwK6AyBKGVXG2km4F83rg5FT7BJ4sUqas4S9SsHm,34091302912,f01222595,bafyreidi535mpv2dlvhwvh47bwec5tsatxj6pmpebbd3crri7tuemcnrsi,2852593,baga6ea4seaqkqgqaopmjvxj52vgzedqr2javt73myieetx3jgdx7i525qakamei,QmNvmWxNG3Bd63wDkvW4HfayTgYny3uU95CteF3p2c19Cd
dadabc4c-c140-4842-bce5-d040d4e2fd0c,20230504,http://download.storefrontiers.cn/ipfs/QmeLgetwK6AyBKGVXG2km4F83rg5FT7BJ4sUqas4S9SsHm,34091302912,f08399,bafyreifhlz6b6t5mmdfpx43wbmzjwhhy7mcvrcv2uycjkw6u2tsyupvaoa,2852593,baga6ea4seaqkqgqaopmjvxj52vgzedqr2javt73myieetx3jgdx7i525qakamei,QmNvmWxNG3Bd63wDkvW4HfayTgYny3uU95CteF3p2c19Cd
dadabc4c-c140-4842-bce5-d040d4e2fd0c,20230504,http://download.storefrontiers.cn/ipfs/QmeLgetwK6AyBKGVXG2km4F83rg5FT7BJ4sUqas4S9SsHm,34091302912,f0240185,bafyreib524jy6k5sb3vxa3fmuutto424l252spe7r6kydt53zddfqhtbpu,2852593,baga6ea4seaqkqgqaopmjvxj52vgzedqr2javt73myieetx3jgdx7i525qakamei,QmNvmWxNG3Bd63wDkvW4HfayTgYny3uU95CteF3p2c19Cd
dadabc4c-c140-4842-bce5-d040d4e2fd0c,20230504,http://download.storefrontiers.cn/ipfs/QmeLgetwK6AyBKGVXG2km4F83rg5FT7BJ4sUqas4S9SsHm,34091302912,f01888808,bafyreicxuw7ch7uv3o4s7ytwm44r7e2xcxtnh6vqzbgp3tyawcqx4s35ka,2852593,baga6ea4seaqkqgqaopmjvxj52vgzedqr2javt73myieetx3jgdx7i525qakamei,QmNvmWxNG3Bd63wDkvW4HfayTgYny3uU95CteF3p2c19Cd
dadabc4c-c140-4842-bce5-d040d4e2fd0c,20230504,http://download.storefrontiers.cn/ipfs/QmeLgetwK6AyBKGVXG2km4F83rg5FT7BJ4sUqas4S9SsHm,34091302912,f01691327,bafyreig2fmjskrtekviw7cziktwxc72qjjrfg63gv2t2iq4t2bazluhpoq,2852593,baga6ea4seaqkqgqaopmjvxj52vgzedqr2javt73myieetx3jgdx7i525qakamei,QmNvmWxNG3Bd63wDkvW4HfayTgYny3uU95CteF3p2c19Cd
dadabc4c-c140-4842-bce5-d040d4e2fd0c,20230504,http://download.storefrontiers.cn/ipfs/QmeLgetwK6AyBKGVXG2km4F83rg5FT7BJ4sUqas4S9SsHm,34091302912,f010088,NULL,2852593,baga6ea4seaqkqgqaopmjvxj52vgzedqr2javt73myieetx3jgdx7i525qakamei,QmNvmWxNG3Bd63wDkvW4HfayTgYny3uU95CteF3p2c19Cd
dadabc4c-c140-4842-bce5-d040d4e2fd0c,20230504,http://download.storefrontiers.cn/ipfs/QmeLgetwK6AyBKGVXG2km4F83rg5FT7BJ4sUqas4S9SsHm,34091302912,f0717969,bafyreiauxg2mijrqbbikbswukxfma22aq3ma66ijvql32dkbmtkv2idkc4,2852593,baga6ea4seaqkqgqaopmjvxj52vgzedqr2javt73myieetx3jgdx7i525qakamei,QmNvmWxNG3Bd63wDkvW4HfayTgYny3uU95CteF3p2c19Cd
dadabc4c-c140-4842-bce5-d040d4e2fd0c,20230504,http://download.storefrontiers.cn/ipfs/QmeLgetwK6AyBKGVXG2km4F83rg5FT7BJ4sUqas4S9SsHm,34091302912,f0466405,bafyreibtgtenqhtdlgqf2hfizoulsyulstzoby426npq3bowbzvnafl2a4,2852593,baga6ea4seaqkqgqaopmjvxj52vgzedqr2javt73myieetx3jgdx7i525qakamei,QmNvmWxNG3Bd63wDkvW4HfayTgYny3uU95CteF3p2c19Cd
dadabc4c-c140-4842-bce5-d040d4e2fd0c,20230504,http://download.storefrontiers.cn/ipfs/QmeLgetwK6AyBKGVXG2km4F83rg5FT7BJ4sUqas4S9SsHm,34091302912,f0143858,bafyreieqnopr7mntqreoly5xbymjfn4rc5hulkt4zc4bgwdxdlyx2qmo7e,2852593,baga6ea4seaqkqgqaopmjvxj52vgzedqr2javt73myieetx3jgdx7i525qakamei,QmNvmWxNG3Bd63wDkvW4HfayTgYny3uU95CteF3p2c19Cd
dadabc4c-c140-4842-bce5-d040d4e2fd0c,20230504,http://download.storefrontiers.cn/ipfs/QmeLgetwK6AyBKGVXG2km4F83rg5FT7BJ4sUqas4S9SsHm,34091302912,f01907556,bafyreidipqiusxtz35p6pkdthrthsck55j7frhxfuoivijnckiemcap3ly,2852593,baga6ea4seaqkqgqaopmjvxj52vgzedqr2javt73myieetx3jgdx7i525qakamei,QmNvmWxNG3Bd63wDkvW4HfayTgYny3uU95CteF3p2c19Cd
dadabc4c-c140-4842-bce5-d040d4e2fd0c,20230504,http://download.storefrontiers.cn/ipfs/QmeLgetwK6AyBKGVXG2km4F83rg5FT7BJ4sUqas4S9SsHm,34091302912,f02301,bafyreibvxoi57muzrdxcn3vvpgyxpc524vcets43r3rx2cfk5ldxmmc5ie,2852593,baga6ea4seaqkqgqaopmjvxj52vgzedqr2javt73myieetx3jgdx7i525qakamei,QmNvmWxNG3Bd63wDkvW4HfayTgYny3uU95CteF3p2c19Cd
dadabc4c-c140-4842-bce5-d040d4e2fd0c,20230504,http://download.storefrontiers.cn/ipfs/QmeLgetwK6AyBKGVXG2km4F83rg5FT7BJ4sUqas4S9SsHm,34091302912,f01390330,NULL,2852593,baga6ea4seaqkqgqaopmjvxj52vgzedqr2javt73myieetx3jgdx7i525qakamei,QmNvmWxNG3Bd63wDkvW4HfayTgYny3uU95CteF3p2c19Cd
dadabc4c-c140-4842-bce5-d040d4e2fd0c,20230504,http://download.storefrontiers.cn/ipfs/QmeLgetwK6AyBKGVXG2km4F83rg5FT7BJ4sUqas4S9SsHm,34091302912,f01398391,bafyreicw23ifuomsxhbx5tglhqhar6rv2fgt7p3i3d26ydn4htlpkmjxy4,2852593,baga6ea4seaqkqgqaopmjvxj52vgzedqr2javt73myieetx3jgdx7i525qakamei,QmNvmWxNG3Bd63wDkvW4HfayTgYny3uU95CteF3p2c19Cd
dadabc4c-c140-4842-bce5-d040d4e2fd0c,20230504,http://download.storefrontiers.cn/ipfs/QmQhqN6zqiCwrwMjhDJL8rk9THfpHVsebZkFZKKa3A226k,34091302912,f02301,bafyreiey4zb5p4uuxwiitolkgkkt7ej5ays5hurk25rwmfks4ou4lfaovq,2852593,baga6ea4seaqflkxtp5heibwxqjbp54u3qid4t3rwhz2ncpcdp7rvglxilvlqsay,QmXD27Up6FP2FAXtZkLWjUBdtmuTAfGSNWgxusuEN1WfHk
dadabc4c-c140-4842-bce5-d040d4e2fd0c,20230504,http://download.storefrontiers.cn/ipfs/QmQhqN6zqiCwrwMjhDJL8rk9THfpHVsebZkFZKKa3A226k,34091302912,f01337533,bafyreia3re5f754k7wsfogvglg5dffyim6zky2nhawbx2r5extagewhxli,2852593,baga6ea4seaqflkxtp5heibwxqjbp54u3qid4t3rwhz2ncpcdp7rvglxilvlqsay,QmXD27Up6FP2FAXtZkLWjUBdtmuTAfGSNWgxusuEN1WfHk
dadabc4c-c140-4842-bce5-d040d4e2fd0c,20230504,http://download.storefrontiers.cn/ipfs/QmQhqN6zqiCwrwMjhDJL8rk9THfpHVsebZkFZKKa3A226k,34091302912,f01163272,bafyreievltwhxcyirxif2ie6dxqa5zgsozumt2utdoslvcuyuvcvsztluy,2852593,baga6ea4seaqflkxtp5heibwxqjbp54u3qid4t3rwhz2ncpcdp7rvglxilvlqsay,QmXD27Up6FP2FAXtZkLWjUBdtmuTAfGSNWgxusuEN1WfHk
dadabc4c-c140-4842-bce5-d040d4e2fd0c,20230504,http://download.storefrontiers.cn/ipfs/QmQhqN6zqiCwrwMjhDJL8rk9THfpHVsebZkFZKKa3A226k,34091302912,f03223,bafyreibikas6civpmvpyuemvfjenicypci2hz4x4ove2rkhfd6oixej2ja,2852593,baga6ea4seaqflkxtp5heibwxqjbp54u3qid4t3rwhz2ncpcdp7rvglxilvlqsay,QmXD27Up6FP2FAXtZkLWjUBdtmuTAfGSNWgxusuEN1WfHk
dadabc4c-c140-4842-bce5-d040d4e2fd0c,20230504,http://download.storefrontiers.cn/ipfs/QmQhqN6zqiCwrwMjhDJL8rk9THfpHVsebZkFZKKa3A226k,34091302912,f01222595,bafyreifqcydfp35weep32k2pm4wbuzisveysgiloqcwmkuvcpiw7hehzja,2852593,baga6ea4seaqflkxtp5heibwxqjbp54u3qid4t3rwhz2ncpcdp7rvglxilvlqsay,QmXD27Up6FP2FAXtZkLWjUBdtmuTAfGSNWgxusuEN1WfHk
dadabc4c-c140-4842-bce5-d040d4e2fd0c,20230504,http://download.storefrontiers.cn/ipfs/QmQhqN6zqiCwrwMjhDJL8rk9THfpHVsebZkFZKKa3A226k,34091302912,f0717969,bafyreifgfntxq6kyklfn4na2ghnye7xq4ftdcmypxfxlxypywgwkzlquxq,2852593,baga6ea4seaqflkxtp5heibwxqjbp54u3qid4t3rwhz2ncpcdp7rvglxilvlqsay,QmXD27Up6FP2FAXtZkLWjUBdtmuTAfGSNWgxusuEN1WfHk
dadabc4c-c140-4842-bce5-d040d4e2fd0c,20230504,http://download.storefrontiers.cn/ipfs/QmQhqN6zqiCwrwMjhDJL8rk9THfpHVsebZkFZKKa3A226k,34091302912,f01390330,NULL,2852593,baga6ea4seaqflkxtp5heibwxqjbp54u3qid4t3rwhz2ncpcdp7rvglxilvlqsay,QmXD27Up6FP2FAXtZkLWjUBdtmuTAfGSNWgxusuEN1WfHk
dadabc4c-c140-4842-bce5-d040d4e2fd0c,20230504,http://download.storefrontiers.cn/ipfs/QmQhqN6zqiCwrwMjhDJL8rk9THfpHVsebZkFZKKa3A226k,34091302912,f010088,bafyreibjo4ooqs7clbnldq2mxaj63kxqwpnklkmamhxky4q7cnwjyehn6q,2852593,baga6ea4seaqflkxtp5heibwxqjbp54u3qid4t3rwhz2ncpcdp7rvglxilvlqsay,QmXD27Up6FP2FAXtZkLWjUBdtmuTAfGSNWgxusuEN1WfHk
dadabc4c-c140-4842-bce5-d040d4e2fd0c,20230504,http://download.storefrontiers.cn/ipfs/QmQhqN6zqiCwrwMjhDJL8rk9THfpHVsebZkFZKKa3A226k,34091302912,f01691327,bafyreie54caa6yty6ukrizec6eh26gkxkpdzar3hfl2lj7ordxclnjocva,2852593,baga6ea4seaqflkxtp5heibwxqjbp54u3qid4t3rwhz2ncpcdp7rvglxilvlqsay,QmXD27Up6FP2FAXtZkLWjUBdtmuTAfGSNWgxusuEN1WfHk
dadabc4c-c140-4842-bce5-d040d4e2fd0c,20230504,http://download.storefrontiers.cn/ipfs/QmQhqN6zqiCwrwMjhDJL8rk9THfpHVsebZkFZKKa3A226k,34091302912,f0466405,bafyreihuyszfbz5p2gtmmcfywmz7idod23h33lcdvf44cna7is7olqu4lq,2852593,baga6ea4seaqflkxtp5heibwxqjbp54u3qid4t3rwhz2ncpcdp7rvglxilvlqsay,QmXD27Up6FP2FAXtZkLWjUBdtmuTAfGSNWgxusuEN1WfHk
dadabc4c-c140-4842-bce5-d040d4e2fd0c,20230504,http://download.storefrontiers.cn/ipfs/QmQhqN6zqiCwrwMjhDJL8rk9THfpHVsebZkFZKKa3A226k,34091302912,f01888808,bafyreieanj35idbsb4nivojyxxhcm3cobtsnr6jqur7seobafzsvlb2zca,2852593,baga6ea4seaqflkxtp5heibwxqjbp54u3qid4t3rwhz2ncpcdp7rvglxilvlqsay,QmXD27Up6FP2FAXtZkLWjUBdtmuTAfGSNWgxusuEN1WfHk
dadabc4c-c140-4842-bce5-d040d4e2fd0c,20230504,http://download.storefrontiers.cn/ipfs/QmQhqN6zqiCwrwMjhDJL8rk9THfpHVsebZkFZKKa3A226k,34091302912,f08399,bafyreihbkbudfzrxseb24cqks3eupnbdyzny4gu2gzd7rorp2i6kb4op6a,2852593,baga6ea4seaqflkxtp5heibwxqjbp54u3qid4t3rwhz2ncpcdp7rvglxilvlqsay,QmXD27Up6FP2FAXtZkLWjUBdtmuTAfGSNWgxusuEN1WfHk
dadabc4c-c140-4842-bce5-d040d4e2fd0c,20230504,http://download.storefrontiers.cn/ipfs/QmQhqN6zqiCwrwMjhDJL8rk9THfpHVsebZkFZKKa3A226k,34091302912,f0137168,bafyreifq6x4dhzzt74lu5kxhhtecwr5f7hoi7j36e45ywca6bfccg6f5um,2852593,baga6ea4seaqflkxtp5heibwxqjbp54u3qid4t3rwhz2ncpcdp7rvglxilvlqsay,QmXD27Up6FP2FAXtZkLWjUBdtmuTAfGSNWgxusuEN1WfHk
dadabc4c-c140-4842-bce5-d040d4e2fd0c,20230504,http://download.storefrontiers.cn/ipfs/QmQhqN6zqiCwrwMjhDJL8rk9THfpHVsebZkFZKKa3A226k,34091302912,f01907556,bafyreiektpal7lvyngejsaplze6kqzj4xkjg4kyn7xqy22zviioweoeb2u,2852593,baga6ea4seaqflkxtp5heibwxqjbp54u3qid4t3rwhz2ncpcdp7rvglxilvlqsay,QmXD27Up6FP2FAXtZkLWjUBdtmuTAfGSNWgxusuEN1WfHk
dadabc4c-c140-4842-bce5-d040d4e2fd0c,20230504,http://download.storefrontiers.cn/ipfs/QmQhqN6zqiCwrwMjhDJL8rk9THfpHVsebZkFZKKa3A226k,34091302912,f01398391,bafyreic7kgneqt4qhwsc2yacq46iv7phh6nhnaaahkjw6regnlwzeec7hm,2852593,baga6ea4seaqflkxtp5heibwxqjbp54u3qid4t3rwhz2ncpcdp7rvglxilvlqsay,QmXD27Up6FP2FAXtZkLWjUBdtmuTAfGSNWgxusuEN1WfHk
dadabc4c-c140-4842-bce5-d040d4e2fd0c,20230504,http://download.storefrontiers.cn/ipfs/QmQsAoTNECEdE2hUq3AScgqTxkzsA8CRX1vY6Xt2gK5F6S,34091302912,f0717969,bafyreiee6x67k34kkb4z5drrjkxloujkitxwcf4ylgz6uein63x3ldz3yi,2852593,baga6ea4seaqmbsv34myfmomzogzwdmasdl2ezwfrsjwhzjtmiyuwttjtfcw24cy,QmWEwh7rnM5WzGTCDdwfRMtFAJiRUGernYGgWGBBbADhy2
dadabc4c-c140-4842-bce5-d040d4e2fd0c,20230504,http://download.storefrontiers.cn/ipfs/QmQsAoTNECEdE2hUq3AScgqTxkzsA8CRX1vY6Xt2gK5F6S,34091302912,f0466405,bafyreibl6q3l36cgqrw6jnfqivlpnn35kjypdf7jdg4qrghqyddd5gqkku,2852593,baga6ea4seaqmbsv34myfmomzogzwdmasdl2ezwfrsjwhzjtmiyuwttjtfcw24cy,QmWEwh7rnM5WzGTCDdwfRMtFAJiRUGernYGgWGBBbADhy2
dadabc4c-c140-4842-bce5-d040d4e2fd0c,20230504,http://download.storefrontiers.cn/ipfs/QmQsAoTNECEdE2hUq3AScgqTxkzsA8CRX1vY6Xt2gK5F6S,34091302912,f01390330,NULL,2852593,baga6ea4seaqmbsv34myfmomzogzwdmasdl2ezwfrsjwhzjtmiyuwttjtfcw24cy,QmWEwh7rnM5WzGTCDdwfRMtFAJiRUGernYGgWGBBbADhy2
dadabc4c-c140-4842-bce5-d040d4e2fd0c,20230504,http://download.storefrontiers.cn/ipfs/QmQsAoTNECEdE2hUq3AScgqTxkzsA8CRX1vY6Xt2gK5F6S,34091302912,f01907556,bafyreihg54fayrwblctcsmzttaeoqjsjvk242tfkehjznsiib34zqqwznu,2852593,baga6ea4seaqmbsv34myfmomzogzwdmasdl2ezwfrsjwhzjtmiyuwttjtfcw24cy,QmWEwh7rnM5WzGTCDdwfRMtFAJiRUGernYGgWGBBbADhy2
dadabc4c-c140-4842-bce5-d040d4e2fd0c,20230504,http://download.storefrontiers.cn/ipfs/QmQsAoTNECEdE2hUq3AScgqTxkzsA8CRX1vY6Xt2gK5F6S,34091302912,f01337533,bafyreia2cmfovwgyowqdapww3g4hy3ybrxnfpdd56thydskrfer5xqdp3i,2852593,baga6ea4seaqmbsv34myfmomzogzwdmasdl2ezwfrsjwhzjtmiyuwttjtfcw24cy,QmWEwh7rnM5WzGTCDdwfRMtFAJiRUGernYGgWGBBbADhy2
dadabc4c-c140-4842-bce5-d040d4e2fd0c,20230504,http://download.storefrontiers.cn/ipfs/QmQsAoTNECEdE2hUq3AScgqTxkzsA8CRX1vY6Xt2gK5F6S,34091302912,f01888808,bafyreif7vykj42ipkzooxkqtcbhqejt7wvojq3chstteole54nx5et4zpi,2852593,baga6ea4seaqmbsv34myfmomzogzwdmasdl2ezwfrsjwhzjtmiyuwttjtfcw24cy,QmWEwh7rnM5WzGTCDdwfRMtFAJiRUGernYGgWGBBbADhy2
dadabc4c-c140-4842-bce5-d040d4e2fd0c,20230504,http://download.storefrontiers.cn/ipfs/QmQsAoTNECEdE2hUq3AScgqTxkzsA8CRX1vY6Xt2gK5F6S,34091302912,f0137168,bafyreigzjiacr5plocl427c4xnhauarx4g4nimnfo7caqhtbe35coxb7c4,2852593,baga6ea4seaqmbsv34myfmomzogzwdmasdl2ezwfrsjwhzjtmiyuwttjtfcw24cy,QmWEwh7rnM5WzGTCDdwfRMtFAJiRUGernYGgWGBBbADhy2
dadabc4c-c140-4842-bce5-d040d4e2fd0c,20230504,http://download.storefrontiers.cn/ipfs/QmQsAoTNECEdE2hUq3AScgqTxkzsA8CRX1vY6Xt2gK5F6S,34091302912,f03223,bafyreig2qx4cu7deicbjgfegky4af4vb2hycozqhswfgzmri2eh74plgei,2852593,baga6ea4seaqmbsv34myfmomzogzwdmasdl2ezwfrsjwhzjtmiyuwttjtfcw24cy,QmWEwh7rnM5WzGTCDdwfRMtFAJiRUGernYGgWGBBbADhy2
dadabc4c-c140-4842-bce5-d040d4e2fd0c,20230504,http://download.storefrontiers.cn/ipfs/QmQsAoTNECEdE2hUq3AScgqTxkzsA8CRX1vY6Xt2gK5F6S,34091302912,f01222595,bafyreid4m5dpvh735oqzdsyn72yh67tlw4xnbvyni3akyh3hznzm6s7d5u,2852593,baga6ea4seaqmbsv34myfmomzogzwdmasdl2ezwfrsjwhzjtmiyuwttjtfcw24cy,QmWEwh7rnM5WzGTCDdwfRMtFAJiRUGernYGgWGBBbADhy2
dadabc4c-c140-4842-bce5-d040d4e2fd0c,20230504,http://download.storefrontiers.cn/ipfs/QmQsAoTNECEdE2hUq3AScgqTxkzsA8CRX1vY6Xt2gK5F6S,34091302912,f01225882,bafyreigji6lswuvj3kceredunzotgjqyohqsfkzp5gmv2r546d56x76qhq,2852593,baga6ea4seaqmbsv34myfmomzogzwdmasdl2ezwfrsjwhzjtmiyuwttjtfcw24cy,QmWEwh7rnM5WzGTCDdwfRMtFAJiRUGernYGgWGBBbADhy2
dadabc4c-c140-4842-bce5-d040d4e2fd0c,20230504,http://download.storefrontiers.cn/ipfs/QmQsAoTNECEdE2hUq3AScgqTxkzsA8CRX1vY6Xt2gK5F6S,34091302912,f01163272,bafyreihgv7ax2inzapz6y73nkwmkdn6ciqvdhoknnekbic6y75zbvedkfa,2852593,baga6ea4seaqmbsv34myfmomzogzwdmasdl2ezwfrsjwhzjtmiyuwttjtfcw24cy,QmWEwh7rnM5WzGTCDdwfRMtFAJiRUGernYGgWGBBbADhy2
dadabc4c-c140-4842-bce5-d040d4e2fd0c,20230504,http://download.storefrontiers.cn/ipfs/QmQsAoTNECEdE2hUq3AScgqTxkzsA8CRX1vY6Xt2gK5F6S,34091302912,f08399,bafyreieicm2cob42vsgxtgiahnyaztsjglvdam2gtqmnfyuczx5va2pkya,2852593,baga6ea4seaqmbsv34myfmomzogzwdmasdl2ezwfrsjwhzjtmiyuwttjtfcw24cy,QmWEwh7rnM5WzGTCDdwfRMtFAJiRUGernYGgWGBBbADhy2
dadabc4c-c140-4842-bce5-d040d4e2fd0c,20230504,http://download.storefrontiers.cn/ipfs/QmQsAoTNECEdE2hUq3AScgqTxkzsA8CRX1vY6Xt2gK5F6S,34091302912,f0240185,bafyreiddt6nk5jyj3rbuk7pshsqjxviblfluzwwe2opppq6szbzcoi66jm,2852593,baga6ea4seaqmbsv34myfmomzogzwdmasdl2ezwfrsjwhzjtmiyuwttjtfcw24cy,QmWEwh7rnM5WzGTCDdwfRMtFAJiRUGernYGgWGBBbADhy2
dadabc4c-c140-4842-bce5-d040d4e2fd0c,20230504,http://download.storefrontiers.cn/ipfs/QmQsAoTNECEdE2hUq3AScgqTxkzsA8CRX1vY6Xt2gK5F6S,34091302912,f01691327,bafyreie4xok3spqrge6h5q7g3ust6ibx7avbvutwyx7svxt67moh2v5hk4,2852593,baga6ea4seaqmbsv34myfmomzogzwdmasdl2ezwfrsjwhzjtmiyuwttjtfcw24cy,QmWEwh7rnM5WzGTCDdwfRMtFAJiRUGernYGgWGBBbADhy2
dadabc4c-c140-4842-bce5-d040d4e2fd0c,20230504,http://download.storefrontiers.cn/ipfs/QmQsAoTNECEdE2hUq3AScgqTxkzsA8CRX1vY6Xt2gK5F6S,34091302912,f010088,NULL,2852593,baga6ea4seaqmbsv34myfmomzogzwdmasdl2ezwfrsjwhzjtmiyuwttjtfcw24cy,QmWEwh7rnM5WzGTCDdwfRMtFAJiRUGernYGgWGBBbADhy2
dadabc4c-c140-4842-bce5-d040d4e2fd0c,20230504,http://download.storefrontiers.cn/ipfs/QmTQdaUEj7uDqWKpCFiWUzo6RZhQT5Zu6QY52XbNC7YTXi,34091302912,f08399,bafyreific4grnyzbibwmafdy4mbdhmv2zmu4aophosabwvrmrzxmle7fym,2852593,baga6ea4seaqgm4zgkc47w2x2xm2xdpugkxk2kvx75oxkwjhlxddgj7vvvvxfudq,QmRjA72XPsMFSrSi9opCgrbbYs4CtKsWmMv2rRVsqM5aas
dadabc4c-c140-4842-bce5-d040d4e2fd0c,20230504,http://download.storefrontiers.cn/ipfs/QmTQdaUEj7uDqWKpCFiWUzo6RZhQT5Zu6QY52XbNC7YTXi,34091302912,f01907556,NULL,2852593,baga6ea4seaqgm4zgkc47w2x2xm2xdpugkxk2kvx75oxkwjhlxddgj7vvvvxfudq,QmRjA72XPsMFSrSi9opCgrbbYs4CtKsWmMv2rRVsqM5aas
dadabc4c-c140-4842-bce5-d040d4e2fd0c,20230504,http://download.storefrontiers.cn/ipfs/QmTQdaUEj7uDqWKpCFiWUzo6RZhQT5Zu6QY52XbNC7YTXi,34091302912,f01888808,bafyreigrqtd6pkz26cyorrwbzcvsibweqwb6hjmycj4n6pvhuc2v6wsmqe,2852593,baga6ea4seaqgm4zgkc47w2x2xm2xdpugkxk2kvx75oxkwjhlxddgj7vvvvxfudq,QmRjA72XPsMFSrSi9opCgrbbYs4CtKsWmMv2rRVsqM5aas
dadabc4c-c140-4842-bce5-d040d4e2fd0c,20230504,http://download.storefrontiers.cn/ipfs/QmTQdaUEj7uDqWKpCFiWUzo6RZhQT5Zu6QY52XbNC7YTXi,34091302912,f01222595,bafyreifawq5gv5meybad3ujp45mikwcwwaweezvmpjlkp76jvmud5wvi2i,2852593,baga6ea4seaqgm4zgkc47w2x2xm2xdpugkxk2kvx75oxkwjhlxddgj7vvvvxfudq,QmRjA72XPsMFSrSi9opCgrbbYs4CtKsWmMv2rRVsqM5aas
dadabc4c-c140-4842-bce5-d040d4e2fd0c,20230504,http://download.storefrontiers.cn/ipfs/QmTQdaUEj7uDqWKpCFiWUzo6RZhQT5Zu6QY52XbNC7YTXi,34091302912,f0137168,bafyreibj4546k72p3wcp7ummzdedi7bnnj7lmrfrbbzte5ga2bk6zlmf3i,2852593,baga6ea4seaqgm4zgkc47w2x2xm2xdpugkxk2kvx75oxkwjhlxddgj7vvvvxfudq,QmRjA72XPsMFSrSi9opCgrbbYs4CtKsWmMv2rRVsqM5aas
dadabc4c-c140-4842-bce5-d040d4e2fd0c,20230504,http://download.storefrontiers.cn/ipfs/QmTQdaUEj7uDqWKpCFiWUzo6RZhQT5Zu6QY52XbNC7YTXi,34091302912,f01390330,NULL,2852593,baga6ea4seaqgm4zgkc47w2x2xm2xdpugkxk2kvx75oxkwjhlxddgj7vvvvxfudq,QmRjA72XPsMFSrSi9opCgrbbYs4CtKsWmMv2rRVsqM5aas
dadabc4c-c140-4842-bce5-d040d4e2fd0c,20230504,http://download.storefrontiers.cn/ipfs/QmTQdaUEj7uDqWKpCFiWUzo6RZhQT5Zu6QY52XbNC7YTXi,34091302912,f01691327,NULL,2852593,baga6ea4seaqgm4zgkc47w2x2xm2xdpugkxk2kvx75oxkwjhlxddgj7vvvvxfudq,QmRjA72XPsMFSrSi9opCgrbbYs4CtKsWmMv2rRVsqM5aas
dadabc4c-c140-4842-bce5-d040d4e2fd0c,20230504,http://download.storefrontiers.cn/ipfs/QmTQdaUEj7uDqWKpCFiWUzo6RZhQT5Zu6QY52XbNC7YTXi,34091302912,f01398391,bafyreidgzndnjizgm6yjzgijj44qdk5rxeb2vqfof7twn2hfyoshcqmwhu,2852593,baga6ea4seaqgm4zgkc47w2x2xm2xdpugkxk2kvx75oxkwjhlxddgj7vvvvxfudq,QmRjA72XPsMFSrSi9opCgrbbYs4CtKsWmMv2rRVsqM5aas
dadabc4c-c140-4842-bce5-d040d4e2fd0c,20230504,http://download.storefrontiers.cn/ipfs/QmTQdaUEj7uDqWKpCFiWUzo6RZhQT5Zu6QY52XbNC7YTXi,34091302912,f0143858,bafyreig5yhxego67gwiq3grbec3rpwasriyxhr25san6wihcppz4iunwyq,2852593,baga6ea4seaqgm4zgkc47w2x2xm2xdpugkxk2kvx75oxkwjhlxddgj7vvvvxfudq,QmRjA72XPsMFSrSi9opCgrbbYs4CtKsWmMv2rRVsqM5aas
dadabc4c-c140-4842-bce5-d040d4e2fd0c,20230504,http://download.storefrontiers.cn/ipfs/QmTQdaUEj7uDqWKpCFiWUzo6RZhQT5Zu6QY52XbNC7YTXi,34091302912,f02301,bafyreihz5ewijr66phsohdpb3decsfvbnolke7uqw2mbfsljmfxy74zbey,2852593,baga6ea4seaqgm4zgkc47w2x2xm2xdpugkxk2kvx75oxkwjhlxddgj7vvvvxfudq,QmRjA72XPsMFSrSi9opCgrbbYs4CtKsWmMv2rRVsqM5aas
dadabc4c-c140-4842-bce5-d040d4e2fd0c,20230504,http://download.storefrontiers.cn/ipfs/QmTQdaUEj7uDqWKpCFiWUzo6RZhQT5Zu6QY52XbNC7YTXi,34091302912,f0466405,bafyreibohfnoosbf3mqhhx3i2u7xy6cpqzkvwmzvxeb4dpsk3347lxssmu,2852593,baga6ea4seaqgm4zgkc47w2x2xm2xdpugkxk2kvx75oxkwjhlxddgj7vvvvxfudq,QmRjA72XPsMFSrSi9opCgrbbYs4CtKsWmMv2rRVsqM5aas
dadabc4c-c140-4842-bce5-d040d4e2fd0c,20230504,http://download.storefrontiers.cn/ipfs/QmTQdaUEj7uDqWKpCFiWUzo6RZhQT5Zu6QY52XbNC7YTXi,34091302912,f0717969,bafyreie4efu2rzsvpfqiqw5hwayltm37koaikoio5jtnuibaxt3qbzrwyq,2852593,baga6ea4seaqgm4zgkc47w2x2xm2xdpugkxk2kvx75oxkwjhlxddgj7vvvvxfudq,QmRjA72XPsMFSrSi9opCgrbbYs4CtKsWmMv2rRVsqM5aas
dadabc4c-c140-4842-bce5-d040d4e2fd0c,20230504,http://download.storefrontiers.cn/ipfs/QmTQdaUEj7uDqWKpCFiWUzo6RZhQT5Zu6QY52XbNC7YTXi,34091302912,f0240185,bafyreihxkgkaloyfxjecmjzhjrg6yuwzl4m5sdjbeenwhf3bwslqmkda5m,2852593,baga6ea4seaqgm4zgkc47w2x2xm2xdpugkxk2kvx75oxkwjhlxddgj7vvvvxfudq,QmRjA72XPsMFSrSi9opCgrbbYs4CtKsWmMv2rRVsqM5aas
dadabc4c-c140-4842-bce5-d040d4e2fd0c,20230504,http://download.storefrontiers.cn/ipfs/QmTQdaUEj7uDqWKpCFiWUzo6RZhQT5Zu6QY52XbNC7YTXi,34091302912,f01337533,bafyreigtt35endolzc7gjvlajc3srwuuu6nniq53kxbbtgz6exlwvqf7im,2852593,baga6ea4seaqgm4zgkc47w2x2xm2xdpugkxk2kvx75oxkwjhlxddgj7vvvvxfudq,QmRjA72XPsMFSrSi9opCgrbbYs4CtKsWmMv2rRVsqM5aas
dadabc4c-c140-4842-bce5-d040d4e2fd0c,20230504,http://download.storefrontiers.cn/ipfs/QmTQdaUEj7uDqWKpCFiWUzo6RZhQT5Zu6QY52XbNC7YTXi,34091302912,f010088,NULL,2852593,baga6ea4seaqgm4zgkc47w2x2xm2xdpugkxk2kvx75oxkwjhlxddgj7vvvvxfudq,QmRjA72XPsMFSrSi9opCgrbbYs4CtKsWmMv2rRVsqM5aas
dadabc4c-c140-4842-bce5-d040d4e2fd0c,20230504,http://download.storefrontiers.cn/ipfs/QmP3jeMp6xZgoxoiVxN1WogdrTQa8tPV43KX37HjgwYhYg,34091302912,f0137168,bafyreiandarzvcknut6xfm5nmntmoasmc4nplanss2oxcpjvkqiyag56em,2852593,baga6ea4seaqhdu33fxsbaemlw5fplzucyzuqvytwrhpfaclwi55cqrneltoymga,QmTxzr7jeq6ryvzEXiMDP4Fsi8wem3hf4uVwdi2j1a5vtU
dadabc4c-c140-4842-bce5-d040d4e2fd0c,20230504,http://download.storefrontiers.cn/ipfs/QmP3jeMp6xZgoxoiVxN1WogdrTQa8tPV43KX37HjgwYhYg,34091302912,f0240185,bafyreigb22o2myqie7h7ltaoz6gow6d4rlzopx5rhfv3kc6a7pqj6m4ism,2852593,baga6ea4seaqhdu33fxsbaemlw5fplzucyzuqvytwrhpfaclwi55cqrneltoymga,QmTxzr7jeq6ryvzEXiMDP4Fsi8wem3hf4uVwdi2j1a5vtU
dadabc4c-c140-4842-bce5-d040d4e2fd0c,20230504,http://download.storefrontiers.cn/ipfs/QmP3jeMp6xZgoxoiVxN1WogdrTQa8tPV43KX37HjgwYhYg,34091302912,f01691327,bafyreibftlxij5lbsbh3exhrbm4qlkrzj25opxfoz6yecjlrmjt5vz5y5u,2852593,baga6ea4seaqhdu33fxsbaemlw5fplzucyzuqvytwrhpfaclwi55cqrneltoymga,QmTxzr7jeq6ryvzEXiMDP4Fsi8wem3hf4uVwdi2j1a5vtU
dadabc4c-c140-4842-bce5-d040d4e2fd0c,20230504,http://download.storefrontiers.cn/ipfs/QmP3jeMp6xZgoxoiVxN1WogdrTQa8tPV43KX37HjgwYhYg,34091302912,f08399,bafyreicvrxcsxrokcxyakxn5fsuoq76sijzzq3xim7sm2oc77hop57susy,2852593,baga6ea4seaqhdu33fxsbaemlw5fplzucyzuqvytwrhpfaclwi55cqrneltoymga,QmTxzr7jeq6ryvzEXiMDP4Fsi8wem3hf4uVwdi2j1a5vtU
dadabc4c-c140-4842-bce5-d040d4e2fd0c,20230504,http://download.storefrontiers.cn/ipfs/QmP3jeMp6xZgoxoiVxN1WogdrTQa8tPV43KX37HjgwYhYg,34091302912,f03223,bafyreibzkdwumijmx5yljyefv3rd2a54ff4p6j6beae7nco2frngro7mhu,2852593,baga6ea4seaqhdu33fxsbaemlw5fplzucyzuqvytwrhpfaclwi55cqrneltoymga,QmTxzr7jeq6ryvzEXiMDP4Fsi8wem3hf4uVwdi2j1a5vtU
dadabc4c-c140-4842-bce5-d040d4e2fd0c,20230504,http://download.storefrontiers.cn/ipfs/QmP3jeMp6xZgoxoiVxN1WogdrTQa8tPV43KX37HjgwYhYg,34091302912,f0717969,bafyreidvyum5wn7ieyzhmz5nqz2rd6tmxt56vpq6zvkiyymabifofyky6i,2852593,baga6ea4seaqhdu33fxsbaemlw5fplzucyzuqvytwrhpfaclwi55cqrneltoymga,QmTxzr7jeq6ryvzEXiMDP4Fsi8wem3hf4uVwdi2j1a5vtU
dadabc4c-c140-4842-bce5-d040d4e2fd0c,20230504,http://download.storefrontiers.cn/ipfs/QmP3jeMp6xZgoxoiVxN1WogdrTQa8tPV43KX37HjgwYhYg,34091302912,f0466405,bafyreidjzvmixmd6dg3speeveleaqkkcfknytheusbpbbvbk6x6zbqftvq,2852593,baga6ea4seaqhdu33fxsbaemlw5fplzucyzuqvytwrhpfaclwi55cqrneltoymga,QmTxzr7jeq6ryvzEXiMDP4Fsi8wem3hf4uVwdi2j1a5vtU
dadabc4c-c140-4842-bce5-d040d4e2fd0c,20230504,http://download.storefrontiers.cn/ipfs/QmP3jeMp6xZgoxoiVxN1WogdrTQa8tPV43KX37HjgwYhYg,34091302912,f010088,bafyreieqa7padcfohg5mladhg3badvmrhmy4ieurtse33bednxfo3surf4,2852593,baga6ea4seaqhdu33fxsbaemlw5fplzucyzuqvytwrhpfaclwi55cqrneltoymga,QmTxzr7jeq6ryvzEXiMDP4Fsi8wem3hf4uVwdi2j1a5vtU
dadabc4c-c140-4842-bce5-d040d4e2fd0c,20230504,http://download.storefrontiers.cn/ipfs/QmP3jeMp6xZgoxoiVxN1WogdrTQa8tPV43KX37HjgwYhYg,34091302912,f01337533,bafyreieyxulzr6xir6c2tyqlhjgrmo5bh2rmf7nqd3qncr4yg6iqv2guju,2852593,baga6ea4seaqhdu33fxsbaemlw5fplzucyzuqvytwrhpfaclwi55cqrneltoymga,QmTxzr7jeq6ryvzEXiMDP4Fsi8wem3hf4uVwdi2j1a5vtU
dadabc4c-c140-4842-bce5-d040d4e2fd0c,20230504,http://download.storefrontiers.cn/ipfs/QmP3jeMp6xZgoxoiVxN1WogdrTQa8tPV43KX37HjgwYhYg,34091302912,f01222595,bafyreibklpwsc2xzm6koe3rr2im32yzq46v3klj75qoh73fxm4h2kyhuja,2852593,baga6ea4seaqhdu33fxsbaemlw5fplzucyzuqvytwrhpfaclwi55cqrneltoymga,QmTxzr7jeq6ryvzEXiMDP4Fsi8wem3hf4uVwdi2j1a5vtU
dadabc4c-c140-4842-bce5-d040d4e2fd0c,20230504,http://download.storefrontiers.cn/ipfs/QmP3jeMp6xZgoxoiVxN1WogdrTQa8tPV43KX37HjgwYhYg,34091302912,f01163272,bafyreifo4uadqqx327j523vw45sin24er4puw5ydow7crmzszagtkdp4ja,2852593,baga6ea4seaqhdu33fxsbaemlw5fplzucyzuqvytwrhpfaclwi55cqrneltoymga,QmTxzr7jeq6ryvzEXiMDP4Fsi8wem3hf4uVwdi2j1a5vtU
dadabc4c-c140-4842-bce5-d040d4e2fd0c,20230504,http://download.storefrontiers.cn/ipfs/QmP3jeMp6xZgoxoiVxN1WogdrTQa8tPV43KX37HjgwYhYg,34091302912,f01888808,bafyreicsjbtefvqj3axds5tgtefr6pqtotp4dm3pwmvxuptqqt5gfml3uu,2852593,baga6ea4seaqhdu33fxsbaemlw5fplzucyzuqvytwrhpfaclwi55cqrneltoymga,QmTxzr7jeq6ryvzEXiMDP4Fsi8wem3hf4uVwdi2j1a5vtU
dadabc4c-c140-4842-bce5-d040d4e2fd0c,20230504,http://download.storefrontiers.cn/ipfs/QmP3jeMp6xZgoxoiVxN1WogdrTQa8tPV43KX37HjgwYhYg,34091302912,f01225882,bafyreih3ujtvptu3coofatns27w62jp7jqv6mpcnme3j4u2vbqzwilm3ri,2852593,baga6ea4seaqhdu33fxsbaemlw5fplzucyzuqvytwrhpfaclwi55cqrneltoymga,QmTxzr7jeq6ryvzEXiMDP4Fsi8wem3hf4uVwdi2j1a5vtU
dadabc4c-c140-4842-bce5-d040d4e2fd0c,20230504,http://download.storefrontiers.cn/ipfs/QmP3jeMp6xZgoxoiVxN1WogdrTQa8tPV43KX37HjgwYhYg,34091302912,f02301,bafyreiap65zypy4546ubpzuwbl7wzzacmcbnw3av3usktzuk56yqhdlrja,2852593,baga6ea4seaqhdu33fxsbaemlw5fplzucyzuqvytwrhpfaclwi55cqrneltoymga,QmTxzr7jeq6ryvzEXiMDP4Fsi8wem3hf4uVwdi2j1a5vtU
dadabc4c-c140-4842-bce5-d040d4e2fd0c,20230504,http://download.storefrontiers.cn/ipfs/QmP3jeMp6xZgoxoiVxN1WogdrTQa8tPV43KX37HjgwYhYg,34091302912,f0143858,bafyreibst4nzidvtiw67ltigzmgn4ntzjbcasdbygckwr7hku2jvstbe3y,2852593,baga6ea4seaqhdu33fxsbaemlw5fplzucyzuqvytwrhpfaclwi55cqrneltoymga,QmTxzr7jeq6ryvzEXiMDP4Fsi8wem3hf4uVwdi2j1a5vtU
dadabc4c-c140-4842-bce5-d040d4e2fd0c,20230504,http://download.storefrontiers.cn/ipfs/QmSb8uYewEkoVM5QbPvKSZ5fJBAqT1W1SJjPwNGkRmXXWV,34091302912,f0137168,bafyreifzdzlkfzb7g5wuv2rwnrs3npbrcklicieyt2g4pf7c2irolxlmny,2852593,baga6ea4seaqcc374ep2r4blx7nwnznhu7wzuje36k4daasci5wy7a5m6rp2m2iq,QmebQYk3L27ZrdPxHRwveKW5tz3HiXxDzUadQqma97ZGgu
dadabc4c-c140-4842-bce5-d040d4e2fd0c,20230504,http://download.storefrontiers.cn/ipfs/QmSb8uYewEkoVM5QbPvKSZ5fJBAqT1W1SJjPwNGkRmXXWV,34091302912,f01222595,bafyreicce3ismg3zfrarpiua4uc3p567u7iwozqcafeigwbkvkq32k6p4i,2852593,baga6ea4seaqcc374ep2r4blx7nwnznhu7wzuje36k4daasci5wy7a5m6rp2m2iq,QmebQYk3L27ZrdPxHRwveKW5tz3HiXxDzUadQqma97ZGgu
dadabc4c-c140-4842-bce5-d040d4e2fd0c,20230504,http://download.storefrontiers.cn/ipfs/QmSb8uYewEkoVM5QbPvKSZ5fJBAqT1W1SJjPwNGkRmXXWV,34091302912,f01225882,bafyreidkxrxryg5jl3rmhve3u3ncuhxvbm7hyizdszpi3yuwsolmozlw3q,2852593,baga6ea4seaqcc374ep2r4blx7nwnznhu7wzuje36k4daasci5wy7a5m6rp2m2iq,QmebQYk3L27ZrdPxHRwveKW5tz3HiXxDzUadQqma97ZGgu
dadabc4c-c140-4842-bce5-d040d4e2fd0c,20230504,http://download.storefrontiers.cn/ipfs/QmSb8uYewEkoVM5QbPvKSZ5fJBAqT1W1SJjPwNGkRmXXWV,34091302912,f01163272,bafyreiafx4tw3gfuqceqsweemrtwbbb4itearwzm3kxwluowzzy2nckt3y,2852593,baga6ea4seaqcc374ep2r4blx7nwnznhu7wzuje36k4daasci5wy7a5m6rp2m2iq,QmebQYk3L27ZrdPxHRwveKW5tz3HiXxDzUadQqma97ZGgu
dadabc4c-c140-4842-bce5-d040d4e2fd0c,20230504,http://download.storefrontiers.cn/ipfs/QmSb8uYewEkoVM5QbPvKSZ5fJBAqT1W1SJjPwNGkRmXXWV,34091302912,f010088,bafyreic6sbdza5pvqbzvretrrpkd5afkp2swyes6bfdvbyp3pgqfbm2tw4,2852593,baga6ea4seaqcc374ep2r4blx7nwnznhu7wzuje36k4daasci5wy7a5m6rp2m2iq,QmebQYk3L27ZrdPxHRwveKW5tz3HiXxDzUadQqma97ZGgu
dadabc4c-c140-4842-bce5-d040d4e2fd0c,20230504,http://download.storefrontiers.cn/ipfs/QmSb8uYewEkoVM5QbPvKSZ5fJBAqT1W1SJjPwNGkRmXXWV,34091302912,f0240185,bafyreie3qtcqfvwmhrt4fapytyt3nbbppvolkjubfxin5olo6z3m7cs35e,2852593,baga6ea4seaqcc374ep2r4blx7nwnznhu7wzuje36k4daasci5wy7a5m6rp2m2iq,QmebQYk3L27ZrdPxHRwveKW5tz3HiXxDzUadQqma97ZGgu
dadabc4c-c140-4842-bce5-d040d4e2fd0c,20230504,http://download.storefrontiers.cn/ipfs/QmSb8uYewEkoVM5QbPvKSZ5fJBAqT1W1SJjPwNGkRmXXWV,34091302912,f03223,bafyreibpz2qtr253luqywc3fj6jbbcaja3cbfbjwuqzf5ms55a755cprne,2852593,baga6ea4seaqcc374ep2r4blx7nwnznhu7wzuje36k4daasci5wy7a5m6rp2m2iq,QmebQYk3L27ZrdPxHRwveKW5tz3HiXxDzUadQqma97ZGgu
dadabc4c-c140-4842-bce5-d040d4e2fd0c,20230504,http://download.storefrontiers.cn/ipfs/QmSb8uYewEkoVM5QbPvKSZ5fJBAqT1W1SJjPwNGkRmXXWV,34091302912,f0717969,bafyreidbrg3tfff5zp33szqqypmdudscjtpbracwr6dbk4ezp7ue2gcrd4,2852593,baga6ea4seaqcc374ep2r4blx7nwnznhu7wzuje36k4daasci5wy7a5m6rp2m2iq,QmebQYk3L27ZrdPxHRwveKW5tz3HiXxDzUadQqma97ZGgu
dadabc4c-c140-4842-bce5-d040d4e2fd0c,20230504,http://download.storefrontiers.cn/ipfs/QmSb8uYewEkoVM5QbPvKSZ5fJBAqT1W1SJjPwNGkRmXXWV,34091302912,f0143858,bafyreigixs7tfag4kgnpfgakxfs2bjsyrqnyfmbhknhspb6h5b5smczoem,2852593,baga6ea4seaqcc374ep2r4blx7nwnznhu7wzuje36k4daasci5wy7a5m6rp2m2iq,QmebQYk3L27ZrdPxHRwveKW5tz3HiXxDzUadQqma97ZGgu
dadabc4c-c140-4842-bce5-d040d4e2fd0c,20230504,http://download.storefrontiers.cn/ipfs/QmSb8uYewEkoVM5QbPvKSZ5fJBAqT1W1SJjPwNGkRmXXWV,34091302912,f01398391,bafyreicn4nxetslxyvy6i2wwsxclobunmztvueipwkamjpgvh6b3djedma,2852593,baga6ea4seaqcc374ep2r4blx7nwnznhu7wzuje36k4daasci5wy7a5m6rp2m2iq,QmebQYk3L27ZrdPxHRwveKW5tz3HiXxDzUadQqma97ZGgu
dadabc4c-c140-4842-bce5-d040d4e2fd0c,20230504,http://download.storefrontiers.cn/ipfs/QmSb8uYewEkoVM5QbPvKSZ5fJBAqT1W1SJjPwNGkRmXXWV,34091302912,f01691327,bafyreiabavwdar5lmt4qo2bgshsvxwbd5ivd2d6zrlxysk62l4c4iglna4,2852593,baga6ea4seaqcc374ep2r4blx7nwnznhu7wzuje36k4daasci5wy7a5m6rp2m2iq,QmebQYk3L27ZrdPxHRwveKW5tz3HiXxDzUadQqma97ZGgu
dadabc4c-c140-4842-bce5-d040d4e2fd0c,20230504,http://download.storefrontiers.cn/ipfs/QmSb8uYewEkoVM5QbPvKSZ5fJBAqT1W1SJjPwNGkRmXXWV,34091302912,f01888808,bafyreig6jhgij2cuk2nqspppxulfwffnbxffhq6dtendf3zrtoyjzllad4,2852593,baga6ea4seaqcc374ep2r4blx7nwnznhu7wzuje36k4daasci5wy7a5m6rp2m2iq,QmebQYk3L27ZrdPxHRwveKW5tz3HiXxDzUadQqma97ZGgu
dadabc4c-c140-4842-bce5-d040d4e2fd0c,20230504,http://download.storefrontiers.cn/ipfs/QmSb8uYewEkoVM5QbPvKSZ5fJBAqT1W1SJjPwNGkRmXXWV,34091302912,f08399,bafyreibe3mrgfmpdslwqjwjfyzg2doj36mbtjgk5uigxbynhv62tuijpom,2852593,baga6ea4seaqcc374ep2r4blx7nwnznhu7wzuje36k4daasci5wy7a5m6rp2m2iq,QmebQYk3L27ZrdPxHRwveKW5tz3HiXxDzUadQqma97ZGgu
dadabc4c-c140-4842-bce5-d040d4e2fd0c,20230504,http://download.storefrontiers.cn/ipfs/QmSb8uYewEkoVM5QbPvKSZ5fJBAqT1W1SJjPwNGkRmXXWV,34091302912,f01907556,NULL,2852593,baga6ea4seaqcc374ep2r4blx7nwnznhu7wzuje36k4daasci5wy7a5m6rp2m2iq,QmebQYk3L27ZrdPxHRwveKW5tz3HiXxDzUadQqma97ZGgu
dadabc4c-c140-4842-bce5-d040d4e2fd0c,20230504,http://download.storefrontiers.cn/ipfs/QmSb8uYewEkoVM5QbPvKSZ5fJBAqT1W1SJjPwNGkRmXXWV,34091302912,f01390330,NULL,2852593,baga6ea4seaqcc374ep2r4blx7nwnznhu7wzuje36k4daasci5wy7a5m6rp2m2iq,QmebQYk3L27ZrdPxHRwveKW5tz3HiXxDzUadQqma97ZGgu
dadabc4c-c140-4842-bce5-d040d4e2fd0c,20230504,http://download.storefrontiers.cn/ipfs/QmTz7Hm2rSGSBX3ebD1LpzhhVRzeR4iabc8TgifJvDtjn2,34091302912,f0137168,bafyreidpv7xuzutqu2hoieomtomy5kia2ip6fx3dknw4j6m52i2para7zq,2852593,baga6ea4seaqbdrzhmes4by7mqj27435glbxvtu43kn7dazqefq7rhegi2f66ucy,QmX2KTwRvycuBSpg2GUaGYnCzb6qehJvkceUBdBc5pVEo5
dadabc4c-c140-4842-bce5-d040d4e2fd0c,20230504,http://download.storefrontiers.cn/ipfs/QmTz7Hm2rSGSBX3ebD1LpzhhVRzeR4iabc8TgifJvDtjn2,34091302912,f02301,bafyreihybuy4ci3p3yy7dzlmguudxaip7gouf6j3uh2dhwviotce4ofqcy,2852593,baga6ea4seaqbdrzhmes4by7mqj27435glbxvtu43kn7dazqefq7rhegi2f66ucy,QmX2KTwRvycuBSpg2GUaGYnCzb6qehJvkceUBdBc5pVEo5
dadabc4c-c140-4842-bce5-d040d4e2fd0c,20230504,http://download.storefrontiers.cn/ipfs/QmTz7Hm2rSGSBX3ebD1LpzhhVRzeR4iabc8TgifJvDtjn2,34091302912,f08399,bafyreiesorvclf36ll3ow65u2r53usqzv7o6rs2pow2jv54n5kfvgdmyz4,2852593,baga6ea4seaqbdrzhmes4by7mqj27435glbxvtu43kn7dazqefq7rhegi2f66ucy,QmX2KTwRvycuBSpg2GUaGYnCzb6qehJvkceUBdBc5pVEo5
dadabc4c-c140-4842-bce5-d040d4e2fd0c,20230504,http://download.storefrontiers.cn/ipfs/QmTz7Hm2rSGSBX3ebD1LpzhhVRzeR4iabc8TgifJvDtjn2,34091302912,f010088,NULL,2852593,baga6ea4seaqbdrzhmes4by7mqj27435glbxvtu43kn7dazqefq7rhegi2f66ucy,QmX2KTwRvycuBSpg2GUaGYnCzb6qehJvkceUBdBc5pVEo5
dadabc4c-c140-4842-bce5-d040d4e2fd0c,20230504,http://download.storefrontiers.cn/ipfs/QmTz7Hm2rSGSBX3ebD1LpzhhVRzeR4iabc8TgifJvDtjn2,34091302912,f0717969,bafyreifqyoc6urge3pfd7f52cjj6e7w6rx7yjlzagrhictxhehuprmdtoy,2852593,baga6ea4seaqbdrzhmes4by7mqj27435glbxvtu43kn7dazqefq7rhegi2f66ucy,QmX2KTwRvycuBSpg2GUaGYnCzb6qehJvkceUBdBc5pVEo5
dadabc4c-c140-4842-bce5-d040d4e2fd0c,20230504,http://download.storefrontiers.cn/ipfs/QmTz7Hm2rSGSBX3ebD1LpzhhVRzeR4iabc8TgifJvDtjn2,34091302912,f0240185,bafyreibm46lpikru4si7d5jxl5bxtupse4ptigtoux4yyvtwshsiopoo5a,2852593,baga6ea4seaqbdrzhmes4by7mqj27435glbxvtu43kn7dazqefq7rhegi2f66ucy,QmX2KTwRvycuBSpg2GUaGYnCzb6qehJvkceUBdBc5pVEo5
dadabc4c-c140-4842-bce5-d040d4e2fd0c,20230504,http://download.storefrontiers.cn/ipfs/QmTz7Hm2rSGSBX3ebD1LpzhhVRzeR4iabc8TgifJvDtjn2,34091302912,f0466405,bafyreigppvhkhe6scy2qgepm4nlelfi2h5fdzowgpbyjlomogxegmuocwi,2852593,baga6ea4seaqbdrzhmes4by7mqj27435glbxvtu43kn7dazqefq7rhegi2f66ucy,QmX2KTwRvycuBSpg2GUaGYnCzb6qehJvkceUBdBc5pVEo5
dadabc4c-c140-4842-bce5-d040d4e2fd0c,20230504,http://download.storefrontiers.cn/ipfs/QmTz7Hm2rSGSBX3ebD1LpzhhVRzeR4iabc8TgifJvDtjn2,34091302912,f01337533,bafyreih5h6uc5cnme2iqviy7gtvoe5jnimlu45olzo5qwk5vaac3vidgzi,2852593,baga6ea4seaqbdrzhmes4by7mqj27435glbxvtu43kn7dazqefq7rhegi2f66ucy,QmX2KTwRvycuBSpg2GUaGYnCzb6qehJvkceUBdBc5pVEo5
dadabc4c-c140-4842-bce5-d040d4e2fd0c,20230504,http://download.storefrontiers.cn/ipfs/QmTz7Hm2rSGSBX3ebD1LpzhhVRzeR4iabc8TgifJvDtjn2,34091302912,f01888808,bafyreigaqhmwirgeprvcn3s5dnzqtgw7lljdgmnmw2ua7cxkt6ar47sjje,2852593,baga6ea4seaqbdrzhmes4by7mqj27435glbxvtu43kn7dazqefq7rhegi2f66ucy,QmX2KTwRvycuBSpg2GUaGYnCzb6qehJvkceUBdBc5pVEo5
dadabc4c-c140-4842-bce5-d040d4e2fd0c,20230504,http://download.storefrontiers.cn/ipfs/QmTz7Hm2rSGSBX3ebD1LpzhhVRzeR4iabc8TgifJvDtjn2,34091302912,f01222595,bafyreidhvsp7htktpmru2vglahxztj4xhu42ppgpdja7jpebndovkifvim,2852593,baga6ea4seaqbdrzhmes4by7mqj27435glbxvtu43kn7dazqefq7rhegi2f66ucy,QmX2KTwRvycuBSpg2GUaGYnCzb6qehJvkceUBdBc5pVEo5
dadabc4c-c140-4842-bce5-d040d4e2fd0c,20230504,http://download.storefrontiers.cn/ipfs/QmTz7Hm2rSGSBX3ebD1LpzhhVRzeR4iabc8TgifJvDtjn2,34091302912,f01907556,NULL,2852593,baga6ea4seaqbdrzhmes4by7mqj27435glbxvtu43kn7dazqefq7rhegi2f66ucy,QmX2KTwRvycuBSpg2GUaGYnCzb6qehJvkceUBdBc5pVEo5
dadabc4c-c140-4842-bce5-d040d4e2fd0c,20230504,http://download.storefrontiers.cn/ipfs/QmTz7Hm2rSGSBX3ebD1LpzhhVRzeR4iabc8TgifJvDtjn2,34091302912,f03223,bafyreighb2dvwkekobvrxbaxejwqbr6dp5u4i7fihoszskhqxf64jgsjji,2852593,baga6ea4seaqbdrzhmes4by7mqj27435glbxvtu43kn7dazqefq7rhegi2f66ucy,QmX2KTwRvycuBSpg2GUaGYnCzb6qehJvkceUBdBc5pVEo5
dadabc4c-c140-4842-bce5-d040d4e2fd0c,20230504,http://download.storefrontiers.cn/ipfs/QmTz7Hm2rSGSBX3ebD1LpzhhVRzeR4iabc8TgifJvDtjn2,34091302912,f01398391,bafyreigh56jjdx2d6ayuo7zxu5kvbb6va2fyjzj2vvdv42wpqdhkz35moy,2852593,baga6ea4seaqbdrzhmes4by7mqj27435glbxvtu43kn7dazqefq7rhegi2f66ucy,QmX2KTwRvycuBSpg2GUaGYnCzb6qehJvkceUBdBc5pVEo5
dadabc4c-c140-4842-bce5-d040d4e2fd0c,20230504,http://download.storefrontiers.cn/ipfs/QmTz7Hm2rSGSBX3ebD1LpzhhVRzeR4iabc8TgifJvDtjn2,34091302912,f01691327,bafyreictzeoxqx6jpxq6ubjf22wef3snv2o6wunamin5j2tq43npeaa7ay,2852593,baga6ea4seaqbdrzhmes4by7mqj27435glbxvtu43kn7dazqefq7rhegi2f66ucy,QmX2KTwRvycuBSpg2GUaGYnCzb6qehJvkceUBdBc5pVEo5
dadabc4c-c140-4842-bce5-d040d4e2fd0c,20230504,http://download.storefrontiers.cn/ipfs/QmTz7Hm2rSGSBX3ebD1LpzhhVRzeR4iabc8TgifJvDtjn2,34091302912,f01225882,bafyreiajpa5ddd4fqqsnvfplbhbvvuejgidhy6dcrrv7wobv5maz4joqqa,2852593,baga6ea4seaqbdrzhmes4by7mqj27435glbxvtu43kn7dazqefq7rhegi2f66ucy,QmX2KTwRvycuBSpg2GUaGYnCzb6qehJvkceUBdBc5pVEo5
dadabc4c-c140-4842-bce5-d040d4e2fd0c,20230504,http://download.storefrontiers.cn/ipfs/QmZn3PDG1HDPoM3ZiJPrhAhPJzNNQNNxAapC2goiLr1bFW,34091302912,f01907556,NULL,2852593,baga6ea4seaqmfpibxlwzydr56ggyylio66lafd4ivwfoiibsrrypl24qfizmcfi,QmcbW1YnitML7CB1QdwfiKnNdXEqmgWQ47D7jCN3q1s1aT
dadabc4c-c140-4842-bce5-d040d4e2fd0c,20230504,http://download.storefrontiers.cn/ipfs/QmZn3PDG1HDPoM3ZiJPrhAhPJzNNQNNxAapC2goiLr1bFW,34091302912,f0717969,bafyreicnrn5xd2drttpa6auqbrr4gztxmftago7mk6z2wxwrdawdzto27e,2852593,baga6ea4seaqmfpibxlwzydr56ggyylio66lafd4ivwfoiibsrrypl24qfizmcfi,QmcbW1YnitML7CB1QdwfiKnNdXEqmgWQ47D7jCN3q1s1aT
dadabc4c-c140-4842-bce5-d040d4e2fd0c,20230504,http://download.storefrontiers.cn/ipfs/QmZn3PDG1HDPoM3ZiJPrhAhPJzNNQNNxAapC2goiLr1bFW,34091302912,f01163272,bafyreih5gvy6desgaexf3jsxeiu7lbshslmt2nc6f25q7mnx72t2rpmehy,2852593,baga6ea4seaqmfpibxlwzydr56ggyylio66lafd4ivwfoiibsrrypl24qfizmcfi,QmcbW1YnitML7CB1QdwfiKnNdXEqmgWQ47D7jCN3q1s1aT
dadabc4c-c140-4842-bce5-d040d4e2fd0c,20230504,http://download.storefrontiers.cn/ipfs/QmZn3PDG1HDPoM3ZiJPrhAhPJzNNQNNxAapC2goiLr1bFW,34091302912,f08399,bafyreiajhmfx57c7x7tsb5xjpw6i2oyfs7rrissbujqew5bbgw5amvcvsm,2852593,baga6ea4seaqmfpibxlwzydr56ggyylio66lafd4ivwfoiibsrrypl24qfizmcfi,QmcbW1YnitML7CB1QdwfiKnNdXEqmgWQ47D7jCN3q1s1aT
dadabc4c-c140-4842-bce5-d040d4e2fd0c,20230504,http://download.storefrontiers.cn/ipfs/QmZn3PDG1HDPoM3ZiJPrhAhPJzNNQNNxAapC2goiLr1bFW,34091302912,f01691327,bafyreihs6mjytay336fi52mbnfjaupifm6sj5yddah3tr6lchezf7mmyme,2852593,baga6ea4seaqmfpibxlwzydr56ggyylio66lafd4ivwfoiibsrrypl24qfizmcfi,QmcbW1YnitML7CB1QdwfiKnNdXEqmgWQ47D7jCN3q1s1aT
dadabc4c-c140-4842-bce5-d040d4e2fd0c,20230504,http://download.storefrontiers.cn/ipfs/QmZn3PDG1HDPoM3ZiJPrhAhPJzNNQNNxAapC2goiLr1bFW,34091302912,f010088,NULL,2852593,baga6ea4seaqmfpibxlwzydr56ggyylio66lafd4ivwfoiibsrrypl24qfizmcfi,QmcbW1YnitML7CB1QdwfiKnNdXEqmgWQ47D7jCN3q1s1aT
dadabc4c-c140-4842-bce5-d040d4e2fd0c,20230504,http://download.storefrontiers.cn/ipfs/QmZn3PDG1HDPoM3ZiJPrhAhPJzNNQNNxAapC2goiLr1bFW,34091302912,f0143858,bafyreibrpnlnzctmza2esf3ay3okzdt54i6sgkfiez35l5smasvoorurhu,2852593,baga6ea4seaqmfpibxlwzydr56ggyylio66lafd4ivwfoiibsrrypl24qfizmcfi,QmcbW1YnitML7CB1QdwfiKnNdXEqmgWQ47D7jCN3q1s1aT
dadabc4c-c140-4842-bce5-d040d4e2fd0c,20230504,http://download.storefrontiers.cn/ipfs/QmZn3PDG1HDPoM3ZiJPrhAhPJzNNQNNxAapC2goiLr1bFW,34091302912,f01398391,bafyreiakltr4i6ypnfmmdatu33fvggxknrgs4wogy2aimtiwcfjjql2fjm,2852593,baga6ea4seaqmfpibxlwzydr56ggyylio66lafd4ivwfoiibsrrypl24qfizmcfi,QmcbW1YnitML7CB1QdwfiKnNdXEqmgWQ47D7jCN3q1s1aT
dadabc4c-c140-4842-bce5-d040d4e2fd0c,20230504,http://download.storefrontiers.cn/ipfs/QmZn3PDG1HDPoM3ZiJPrhAhPJzNNQNNxAapC2goiLr1bFW,34091302912,f01225882,bafyreigfhzg5hadtexij5orp5ucqjdattuuwfnnoln7w7nqqzrovmqkjue,2852593,baga6ea4seaqmfpibxlwzydr56ggyylio66lafd4ivwfoiibsrrypl24qfizmcfi,QmcbW1YnitML7CB1QdwfiKnNdXEqmgWQ47D7jCN3q1s1aT
dadabc4c-c140-4842-bce5-d040d4e2fd0c,20230504,http://download.storefrontiers.cn/ipfs/QmZn3PDG1HDPoM3ZiJPrhAhPJzNNQNNxAapC2goiLr1bFW,34091302912,f01337533,bafyreia2ac5wpx5jyj2cnlalh5iajx2ydj6tmt4q7welvw2l62ngyynycq,2852593,baga6ea4seaqmfpibxlwzydr56ggyylio66lafd4ivwfoiibsrrypl24qfizmcfi,QmcbW1YnitML7CB1QdwfiKnNdXEqmgWQ47D7jCN3q1s1aT
dadabc4c-c140-4842-bce5-d040d4e2fd0c,20230504,http://download.storefrontiers.cn/ipfs/QmZn3PDG1HDPoM3ZiJPrhAhPJzNNQNNxAapC2goiLr1bFW,34091302912,f01888808,bafyreihd7puwizhqpi7pulgen2vw6laq4g2nlwjmeux3e5gkjacoqwnteq,2852593,baga6ea4seaqmfpibxlwzydr56ggyylio66lafd4ivwfoiibsrrypl24qfizmcfi,QmcbW1YnitML7CB1QdwfiKnNdXEqmgWQ47D7jCN3q1s1aT
dadabc4c-c140-4842-bce5-d040d4e2fd0c,20230504,http://download.storefrontiers.cn/ipfs/QmZn3PDG1HDPoM3ZiJPrhAhPJzNNQNNxAapC2goiLr1bFW,34091302912,f0240185,bafyreiffh4uu4ktqehhapze7r66en3fsjykp5qtkowun4fwwcauufjohtm,2852593,baga6ea4seaqmfpibxlwzydr56ggyylio66lafd4ivwfoiibsrrypl24qfizmcfi,QmcbW1YnitML7CB1QdwfiKnNdXEqmgWQ47D7jCN3q1s1aT
dadabc4c-c140-4842-bce5-d040d4e2fd0c,20230504,http://download.storefrontiers.cn/ipfs/QmZn3PDG1HDPoM3ZiJPrhAhPJzNNQNNxAapC2goiLr1bFW,34091302912,f0137168,bafyreid3ymz56yna3yrksis37lufd3rmu44ci4qwz3cm2js73ddn2diuqu,2852593,baga6ea4seaqmfpibxlwzydr56ggyylio66lafd4ivwfoiibsrrypl24qfizmcfi,QmcbW1YnitML7CB1QdwfiKnNdXEqmgWQ47D7jCN3q1s1aT
dadabc4c-c140-4842-bce5-d040d4e2fd0c,20230504,http://download.storefrontiers.cn/ipfs/QmZn3PDG1HDPoM3ZiJPrhAhPJzNNQNNxAapC2goiLr1bFW,34091302912,f03223,bafyreie4vcuiojl5mj4lr7hwfoemqzmhc2k3mhcq6vnvkorbwt6pwa2d7q,2852593,baga6ea4seaqmfpibxlwzydr56ggyylio66lafd4ivwfoiibsrrypl24qfizmcfi,QmcbW1YnitML7CB1QdwfiKnNdXEqmgWQ47D7jCN3q1s1aT
dadabc4c-c140-4842-bce5-d040d4e2fd0c,20230504,http://download.storefrontiers.cn/ipfs/QmZn3PDG1HDPoM3ZiJPrhAhPJzNNQNNxAapC2goiLr1bFW,34091302912,f02301,bafyreialbrug5aon56gp5i4ks436ntqzwre6svtrzxaalpthqdm4wgxrgq,2852593,baga6ea4seaqmfpibxlwzydr56ggyylio66lafd4ivwfoiibsrrypl24qfizmcfi,QmcbW1YnitML7CB1QdwfiKnNdXEqmgWQ47D7jCN3q1s1aT
dadabc4c-c140-4842-bce5-d040d4e2fd0c,20230504,http://download.storefrontiers.cn/ipfs/QmZPPH674rLM1ddYrmRXATC899LVamCj3GjN8eTcba35wH,34091302912,f0240185,bafyreig5uqdzvpah5i45ejptp2cszkjitdzxyvql6x7dgihqcpvkzqulye,2852593,baga6ea4seaqcqs5nw7aueasdjtsdvhiidym23k6bctgwnnm6xdf6dnwdvora2ji,QmZxXjRtGBxAnqgf6Wn59U91NYyDcbToriXz7VkBcitp2H
dadabc4c-c140-4842-bce5-d040d4e2fd0c,20230504,http://download.storefrontiers.cn/ipfs/QmZPPH674rLM1ddYrmRXATC899LVamCj3GjN8eTcba35wH,34091302912,f01907556,NULL,2852593,baga6ea4seaqcqs5nw7aueasdjtsdvhiidym23k6bctgwnnm6xdf6dnwdvora2ji,QmZxXjRtGBxAnqgf6Wn59U91NYyDcbToriXz7VkBcitp2H
dadabc4c-c140-4842-bce5-d040d4e2fd0c,20230504,http://download.storefrontiers.cn/ipfs/QmZPPH674rLM1ddYrmRXATC899LVamCj3GjN8eTcba35wH,34091302912,f01691327,bafyreic2clt5imqnjdv3ywb6cyfbbbwjeshaassh4ek3vtedjc4lm3cawa,2852593,baga6ea4seaqcqs5nw7aueasdjtsdvhiidym23k6bctgwnnm6xdf6dnwdvora2ji,QmZxXjRtGBxAnqgf6Wn59U91NYyDcbToriXz7VkBcitp2H
dadabc4c-c140-4842-bce5-d040d4e2fd0c,20230504,http://download.storefrontiers.cn/ipfs/QmZPPH674rLM1ddYrmRXATC899LVamCj3GjN8eTcba35wH,34091302912,f01222595,bafyreibym3fxlnn5zx5eh2p6l4skqns5zws5k7beybtqx3lpmlglg7hjtq,2852593,baga6ea4seaqcqs5nw7aueasdjtsdvhiidym23k6bctgwnnm6xdf6dnwdvora2ji,QmZxXjRtGBxAnqgf6Wn59U91NYyDcbToriXz7VkBcitp2H
dadabc4c-c140-4842-bce5-d040d4e2fd0c,20230504,http://download.storefrontiers.cn/ipfs/QmZPPH674rLM1ddYrmRXATC899LVamCj3GjN8eTcba35wH,34091302912,f0466405,bafyreigcdr5ybus22kdn7gl3ozvwmuh6rie4xgx7mjxfenaz2bjrxrxbqy,2852593,baga6ea4seaqcqs5nw7aueasdjtsdvhiidym23k6bctgwnnm6xdf6dnwdvora2ji,QmZxXjRtGBxAnqgf6Wn59U91NYyDcbToriXz7VkBcitp2H
dadabc4c-c140-4842-bce5-d040d4e2fd0c,20230504,http://download.storefrontiers.cn/ipfs/QmZPPH674rLM1ddYrmRXATC899LVamCj3GjN8eTcba35wH,34091302912,f010088,NULL,2852593,baga6ea4seaqcqs5nw7aueasdjtsdvhiidym23k6bctgwnnm6xdf6dnwdvora2ji,QmZxXjRtGBxAnqgf6Wn59U91NYyDcbToriXz7VkBcitp2H
dadabc4c-c140-4842-bce5-d040d4e2fd0c,20230504,http://download.storefrontiers.cn/ipfs/QmZPPH674rLM1ddYrmRXATC899LVamCj3GjN8eTcba35wH,34091302912,f03223,bafyreifzgy7cnxdbt7j74s3v2jqh757rqpzgsnvq7kraexjbjsnz4vsmuq,2852593,baga6ea4seaqcqs5nw7aueasdjtsdvhiidym23k6bctgwnnm6xdf6dnwdvora2ji,QmZxXjRtGBxAnqgf6Wn59U91NYyDcbToriXz7VkBcitp2H
dadabc4c-c140-4842-bce5-d040d4e2fd0c,20230504,http://download.storefrontiers.cn/ipfs/QmZPPH674rLM1ddYrmRXATC899LVamCj3GjN8eTcba35wH,34091302912,f0143858,bafyreih3wrzxmt2l5fmob5rqztatn2ewszrpnlkeme2twsq7pbek526aqe,2852593,baga6ea4seaqcqs5nw7aueasdjtsdvhiidym23k6bctgwnnm6xdf6dnwdvora2ji,QmZxXjRtGBxAnqgf6Wn59U91NYyDcbToriXz7VkBcitp2H
dadabc4c-c140-4842-bce5-d040d4e2fd0c,20230504,http://download.storefrontiers.cn/ipfs/QmZPPH674rLM1ddYrmRXATC899LVamCj3GjN8eTcba35wH,34091302912,f0137168,bafyreih4cqijq7yjmn53d45zohbr6zb3wma2g3m6vahjmrlg3jhfcd3emi,2852593,baga6ea4seaqcqs5nw7aueasdjtsdvhiidym23k6bctgwnnm6xdf6dnwdvora2ji,QmZxXjRtGBxAnqgf6Wn59U91NYyDcbToriXz7VkBcitp2H
dadabc4c-c140-4842-bce5-d040d4e2fd0c,20230504,http://download.storefrontiers.cn/ipfs/QmZPPH674rLM1ddYrmRXATC899LVamCj3GjN8eTcba35wH,34091302912,f0717969,bafyreiboillbrj3k3v7jafvxoc4zi45h3uxd4wx6rji6mr6cwghp3wpg34,2852593,baga6ea4seaqcqs5nw7aueasdjtsdvhiidym23k6bctgwnnm6xdf6dnwdvora2ji,QmZxXjRtGBxAnqgf6Wn59U91NYyDcbToriXz7VkBcitp2H
dadabc4c-c140-4842-bce5-d040d4e2fd0c,20230504,http://download.storefrontiers.cn/ipfs/QmZPPH674rLM1ddYrmRXATC899LVamCj3GjN8eTcba35wH,34091302912,f01337533,bafyreiabe6527xfpt73jie2tpyvlf4l32jqbivbj3pz6rxecxazufexzsq,2852593,baga6ea4seaqcqs5nw7aueasdjtsdvhiidym23k6bctgwnnm6xdf6dnwdvora2ji,QmZxXjRtGBxAnqgf6Wn59U91NYyDcbToriXz7VkBcitp2H
dadabc4c-c140-4842-bce5-d040d4e2fd0c,20230504,http://download.storefrontiers.cn/ipfs/QmZPPH674rLM1ddYrmRXATC899LVamCj3GjN8eTcba35wH,34091302912,f01888808,bafyreihatzwrutjpxnblws24wdxq3ilmcz7sexmdkye425vetevibgsw3a,2852593,baga6ea4seaqcqs5nw7aueasdjtsdvhiidym23k6bctgwnnm6xdf6dnwdvora2ji,QmZxXjRtGBxAnqgf6Wn59U91NYyDcbToriXz7VkBcitp2H
dadabc4c-c140-4842-bce5-d040d4e2fd0c,20230504,http://download.storefrontiers.cn/ipfs/QmZPPH674rLM1ddYrmRXATC899LVamCj3GjN8eTcba35wH,34091302912,f01225882,bafyreiejtslsze434cwl7shfqe2apgf5sgyhbja7k42fvjeoic7kf237jm,2852593,baga6ea4seaqcqs5nw7aueasdjtsdvhiidym23k6bctgwnnm6xdf6dnwdvora2ji,QmZxXjRtGBxAnqgf6Wn59U91NYyDcbToriXz7VkBcitp2H
dadabc4c-c140-4842-bce5-d040d4e2fd0c,20230504,http://download.storefrontiers.cn/ipfs/QmYj2D1BZXavgQovwvNpxRe7cPmZPBWRmwQ6qSKAK6HFUS,34091302912,f01163272,bafyreieymxsb4tj7ocn65puebkiwiaif4hjjukxg5i5wawyypwiw5a5sdi,2852593,baga6ea4seaqan2hrjdbdndapc2jjnwoxfegzz7bckqogjuwc2y3pfax5ghm2maq,QmWSkb1YzBVPGavVDWwSwRWD6NPKBNu3AAuQZ2NJdu18Gs
dadabc4c-c140-4842-bce5-d040d4e2fd0c,20230504,http://download.storefrontiers.cn/ipfs/QmYj2D1BZXavgQovwvNpxRe7cPmZPBWRmwQ6qSKAK6HFUS,34091302912,f01222595,bafyreicrzvrcdr74qx44cgfg6ie4kqn6ujv73ofvuitpnljt7tocads7b4,2852593,baga6ea4seaqan2hrjdbdndapc2jjnwoxfegzz7bckqogjuwc2y3pfax5ghm2maq,QmWSkb1YzBVPGavVDWwSwRWD6NPKBNu3AAuQZ2NJdu18Gs
dadabc4c-c140-4842-bce5-d040d4e2fd0c,20230504,http://download.storefrontiers.cn/ipfs/QmYj2D1BZXavgQovwvNpxRe7cPmZPBWRmwQ6qSKAK6HFUS,34091302912,f01888808,bafyreiflkmixc6qpsjvoneipcjcypzrjf7nvqlqglny44op6hta3hq7zhq,2852593,baga6ea4seaqan2hrjdbdndapc2jjnwoxfegzz7bckqogjuwc2y3pfax5ghm2maq,QmWSkb1YzBVPGavVDWwSwRWD6NPKBNu3AAuQZ2NJdu18Gs
dadabc4c-c140-4842-bce5-d040d4e2fd0c,20230504,http://download.storefrontiers.cn/ipfs/QmYj2D1BZXavgQovwvNpxRe7cPmZPBWRmwQ6qSKAK6HFUS,34091302912,f010088,bafyreic4rt77ngwww4ulgmsskn553hdqbrgnnslorzgehwbbtleo2hcobi,2852593,baga6ea4seaqan2hrjdbdndapc2jjnwoxfegzz7bckqogjuwc2y3pfax5ghm2maq,QmWSkb1YzBVPGavVDWwSwRWD6NPKBNu3AAuQZ2NJdu18Gs
dadabc4c-c140-4842-bce5-d040d4e2fd0c,20230504,http://download.storefrontiers.cn/ipfs/QmYj2D1BZXavgQovwvNpxRe7cPmZPBWRmwQ6qSKAK6HFUS,34091302912,f0143858,bafyreib7lj54gespbuwbowd2noj5zxiyff2shh6tc5nqmalwmxonuxy6de,2852593,baga6ea4seaqan2hrjdbdndapc2jjnwoxfegzz7bckqogjuwc2y3pfax5ghm2maq,QmWSkb1YzBVPGavVDWwSwRWD6NPKBNu3AAuQZ2NJdu18Gs
dadabc4c-c140-4842-bce5-d040d4e2fd0c,20230504,http://download.storefrontiers.cn/ipfs/QmYj2D1BZXavgQovwvNpxRe7cPmZPBWRmwQ6qSKAK6HFUS,34091302912,f01337533,bafyreie5u6lrvqmwjcqdmvtio765byv2b5mlhwub6rrxsyr5qo3j3hthai,2852593,baga6ea4seaqan2hrjdbdndapc2jjnwoxfegzz7bckqogjuwc2y3pfax5ghm2maq,QmWSkb1YzBVPGavVDWwSwRWD6NPKBNu3AAuQZ2NJdu18Gs
dadabc4c-c140-4842-bce5-d040d4e2fd0c,20230504,http://download.storefrontiers.cn/ipfs/QmYj2D1BZXavgQovwvNpxRe7cPmZPBWRmwQ6qSKAK6HFUS,34091302912,f0717969,bafyreiefhopcatxeyb7j4zqr76kqcodcwfgh63uktwoebw5cr6ldhyo5di,2852593,baga6ea4seaqan2hrjdbdndapc2jjnwoxfegzz7bckqogjuwc2y3pfax5ghm2maq,QmWSkb1YzBVPGavVDWwSwRWD6NPKBNu3AAuQZ2NJdu18Gs
dadabc4c-c140-4842-bce5-d040d4e2fd0c,20230504,http://download.storefrontiers.cn/ipfs/QmYj2D1BZXavgQovwvNpxRe7cPmZPBWRmwQ6qSKAK6HFUS,34091302912,f01398391,bafyreiffqjf7gely4qikduoc5cbkjrqeceh22n674lbllqlnyourjhvrkq,2852593,baga6ea4seaqan2hrjdbdndapc2jjnwoxfegzz7bckqogjuwc2y3pfax5ghm2maq,QmWSkb1YzBVPGavVDWwSwRWD6NPKBNu3AAuQZ2NJdu18Gs
dadabc4c-c140-4842-bce5-d040d4e2fd0c,20230504,http://download.storefrontiers.cn/ipfs/QmYj2D1BZXavgQovwvNpxRe7cPmZPBWRmwQ6qSKAK6HFUS,34091302912,f01225882,bafyreih3drqmdinj2d4cbr5wb6bac6jpajkiasdqs4kin53t3yhxb3qaqm,2852593,baga6ea4seaqan2hrjdbdndapc2jjnwoxfegzz7bckqogjuwc2y3pfax5ghm2maq,QmWSkb1YzBVPGavVDWwSwRWD6NPKBNu3AAuQZ2NJdu18Gs
dadabc4c-c140-4842-bce5-d040d4e2fd0c,20230504,http://download.storefrontiers.cn/ipfs/QmYj2D1BZXavgQovwvNpxRe7cPmZPBWRmwQ6qSKAK6HFUS,34091302912,f08399,bafyreib5fyrzg4yrvnhlomw4ylq2yrcnnsiu6tpgcq2w7apvfa5az6l43q,2852593,baga6ea4seaqan2hrjdbdndapc2jjnwoxfegzz7bckqogjuwc2y3pfax5ghm2maq,QmWSkb1YzBVPGavVDWwSwRWD6NPKBNu3AAuQZ2NJdu18Gs
dadabc4c-c140-4842-bce5-d040d4e2fd0c,20230504,http://download.storefrontiers.cn/ipfs/QmYj2D1BZXavgQovwvNpxRe7cPmZPBWRmwQ6qSKAK6HFUS,34091302912,f0466405,bafyreigttukx3rxaijkvu3ruygdegayegvx4qvlijpuze3t6m6kk2rru5e,2852593,baga6ea4seaqan2hrjdbdndapc2jjnwoxfegzz7bckqogjuwc2y3pfax5ghm2maq,QmWSkb1YzBVPGavVDWwSwRWD6NPKBNu3AAuQZ2NJdu18Gs
dadabc4c-c140-4842-bce5-d040d4e2fd0c,20230504,http://download.storefrontiers.cn/ipfs/QmYj2D1BZXavgQovwvNpxRe7cPmZPBWRmwQ6qSKAK6HFUS,34091302912,f0240185,bafyreibqlslcnlptucmi5xgpwn26vhbjdee6e5bc3aht5mmcymx4szxuda,2852593,baga6ea4seaqan2hrjdbdndapc2jjnwoxfegzz7bckqogjuwc2y3pfax5ghm2maq,QmWSkb1YzBVPGavVDWwSwRWD6NPKBNu3AAuQZ2NJdu18Gs
dadabc4c-c140-4842-bce5-d040d4e2fd0c,20230504,http://download.storefrontiers.cn/ipfs/QmYj2D1BZXavgQovwvNpxRe7cPmZPBWRmwQ6qSKAK6HFUS,34091302912,f01691327,NULL,2852593,baga6ea4seaqan2hrjdbdndapc2jjnwoxfegzz7bckqogjuwc2y3pfax5ghm2maq,QmWSkb1YzBVPGavVDWwSwRWD6NPKBNu3AAuQZ2NJdu18Gs
dadabc4c-c140-4842-bce5-d040d4e2fd0c,20230504,http://download.storefrontiers.cn/ipfs/QmYj2D1BZXavgQovwvNpxRe7cPmZPBWRmwQ6qSKAK6HFUS,34091302912,f02301,bafyreiepoulam7iep55akwvof4qbfoat4ov54l7zolz7pxqjxgd465zhfy,2852593,baga6ea4seaqan2hrjdbdndapc2jjnwoxfegzz7bckqogjuwc2y3pfax5ghm2maq,QmWSkb1YzBVPGavVDWwSwRWD6NPKBNu3AAuQZ2NJdu18Gs
dadabc4c-c140-4842-bce5-d040d4e2fd0c,20230504,http://download.storefrontiers.cn/ipfs/QmY5ihfMMeU5jNq9gcMZD6tmCZfprfARpZkifX6SXvVfqg,34091302912,f010088,NULL,2852593,baga6ea4seaqihedipatxl3h2h45edplkbyn3x2x7vmg7tn435ii2j7uck6kzyna,QmaieTFyWgHsywNF1q2H7W8UP5nM8pV4NDs36XiLMM5fGj
dadabc4c-c140-4842-bce5-d040d4e2fd0c,20230504,http://download.storefrontiers.cn/ipfs/QmY5ihfMMeU5jNq9gcMZD6tmCZfprfARpZkifX6SXvVfqg,34091302912,f08399,bafyreig357rfcdtkmtpfnhem2mgbhmnimvya7jgrz32f2wqahxtm35udau,2852593,baga6ea4seaqihedipatxl3h2h45edplkbyn3x2x7vmg7tn435ii2j7uck6kzyna,QmaieTFyWgHsywNF1q2H7W8UP5nM8pV4NDs36XiLMM5fGj
dadabc4c-c140-4842-bce5-d040d4e2fd0c,20230504,http://download.storefrontiers.cn/ipfs/QmY5ihfMMeU5jNq9gcMZD6tmCZfprfARpZkifX6SXvVfqg,34091302912,f0717969,bafyreigtnnursp2tr64clu5jsph72elhzoypxaeibamrq3owt5rlxmv6ja,2852593,baga6ea4seaqihedipatxl3h2h45edplkbyn3x2x7vmg7tn435ii2j7uck6kzyna,QmaieTFyWgHsywNF1q2H7W8UP5nM8pV4NDs36XiLMM5fGj
dadabc4c-c140-4842-bce5-d040d4e2fd0c,20230504,http://download.storefrontiers.cn/ipfs/QmY5ihfMMeU5jNq9gcMZD6tmCZfprfARpZkifX6SXvVfqg,34091302912,f01888808,bafyreibznhtiixwxho5xacmo4qjgg3qnftlalyxktxremgqwgcnve5jzn4,2852593,baga6ea4seaqihedipatxl3h2h45edplkbyn3x2x7vmg7tn435ii2j7uck6kzyna,QmaieTFyWgHsywNF1q2H7W8UP5nM8pV4NDs36XiLMM5fGj
dadabc4c-c140-4842-bce5-d040d4e2fd0c,20230504,http://download.storefrontiers.cn/ipfs/QmY5ihfMMeU5jNq9gcMZD6tmCZfprfARpZkifX6SXvVfqg,34091302912,f01337533,bafyreihdkrrtl3s3ogi3l4xlnawxcspw5v3w5gnht3olvdn3h4qowtrbxm,2852593,baga6ea4seaqihedipatxl3h2h45edplkbyn3x2x7vmg7tn435ii2j7uck6kzyna,QmaieTFyWgHsywNF1q2H7W8UP5nM8pV4NDs36XiLMM5fGj
dadabc4c-c140-4842-bce5-d040d4e2fd0c,20230504,http://download.storefrontiers.cn/ipfs/QmY5ihfMMeU5jNq9gcMZD6tmCZfprfARpZkifX6SXvVfqg,34091302912,f01222595,bafyreiahyyhkfct3nr2lnxemfre3ic4sh2n36pkixjyurocfm2ed2jzfly,2852593,baga6ea4seaqihedipatxl3h2h45edplkbyn3x2x7vmg7tn435ii2j7uck6kzyna,QmaieTFyWgHsywNF1q2H7W8UP5nM8pV4NDs36XiLMM5fGj
dadabc4c-c140-4842-bce5-d040d4e2fd0c,20230504,http://download.storefrontiers.cn/ipfs/QmY5ihfMMeU5jNq9gcMZD6tmCZfprfARpZkifX6SXvVfqg,34091302912,f0143858,bafyreifacipuoku5avpk6zdz7fc4zjm3ciwnsdeb23bx34wn6xqmyptyvu,2852593,baga6ea4seaqihedipatxl3h2h45edplkbyn3x2x7vmg7tn435ii2j7uck6kzyna,QmaieTFyWgHsywNF1q2H7W8UP5nM8pV4NDs36XiLMM5fGj
dadabc4c-c140-4842-bce5-d040d4e2fd0c,20230504,http://download.storefrontiers.cn/ipfs/QmY5ihfMMeU5jNq9gcMZD6tmCZfprfARpZkifX6SXvVfqg,34091302912,f0137168,bafyreicflaernrvcs6c7zjtfuyhd3vv7op7uot2ootkwnhy3um3jznrgiq,2852593,baga6ea4seaqihedipatxl3h2h45edplkbyn3x2x7vmg7tn435ii2j7uck6kzyna,QmaieTFyWgHsywNF1q2H7W8UP5nM8pV4NDs36XiLMM5fGj
dadabc4c-c140-4842-bce5-d040d4e2fd0c,20230504,http://download.storefrontiers.cn/ipfs/QmY5ihfMMeU5jNq9gcMZD6tmCZfprfARpZkifX6SXvVfqg,34091302912,f01398391,bafyreickt4se6wdf7swgne65b6j434xzapih5rf6hgyjmghuc42odju3da,2852593,baga6ea4seaqihedipatxl3h2h45edplkbyn3x2x7vmg7tn435ii2j7uck6kzyna,QmaieTFyWgHsywNF1q2H7W8UP5nM8pV4NDs36XiLMM5fGj
dadabc4c-c140-4842-bce5-d040d4e2fd0c,20230504,http://download.storefrontiers.cn/ipfs/QmY5ihfMMeU5jNq9gcMZD6tmCZfprfARpZkifX6SXvVfqg,34091302912,f01907556,NULL,2852593,baga6ea4seaqihedipatxl3h2h45edplkbyn3x2x7vmg7tn435ii2j7uck6kzyna,QmaieTFyWgHsywNF1q2H7W8UP5nM8pV4NDs36XiLMM5fGj
dadabc4c-c140-4842-bce5-d040d4e2fd0c,20230504,http://download.storefrontiers.cn/ipfs/QmY5ihfMMeU5jNq9gcMZD6tmCZfprfARpZkifX6SXvVfqg,34091302912,f02301,bafyreidjgktq6pjqmvt6aqnlherz2u5vvitmm5nz34juheasltbgy625ae,2852593,baga6ea4seaqihedipatxl3h2h45edplkbyn3x2x7vmg7tn435ii2j7uck6kzyna,QmaieTFyWgHsywNF1q2H7W8UP5nM8pV4NDs36XiLMM5fGj
dadabc4c-c140-4842-bce5-d040d4e2fd0c,20230504,http://download.storefrontiers.cn/ipfs/QmY5ihfMMeU5jNq9gcMZD6tmCZfprfARpZkifX6SXvVfqg,34091302912,f01691327,bafyreiahrwx3ibab5ogfn2y6bwfqyhwric5xzgumaduzchpt5sfv3jmpla,2852593,baga6ea4seaqihedipatxl3h2h45edplkbyn3x2x7vmg7tn435ii2j7uck6kzyna,QmaieTFyWgHsywNF1q2H7W8UP5nM8pV4NDs36XiLMM5fGj
dadabc4c-c140-4842-bce5-d040d4e2fd0c,20230504,http://download.storefrontiers.cn/ipfs/QmY5ihfMMeU5jNq9gcMZD6tmCZfprfARpZkifX6SXvVfqg,34091302912,f0466405,bafyreibufsles66gihggms4amele2w5lbq24u7kz2wpeohgmfcq56k3rlu,2852593,baga6ea4seaqihedipatxl3h2h45edplkbyn3x2x7vmg7tn435ii2j7uck6kzyna,QmaieTFyWgHsywNF1q2H7W8UP5nM8pV4NDs36XiLMM5fGj
dadabc4c-c140-4842-bce5-d040d4e2fd0c,20230504,http://download.storefrontiers.cn/ipfs/QmY5ihfMMeU5jNq9gcMZD6tmCZfprfARpZkifX6SXvVfqg,34091302912,f0240185,bafyreiezxvdmzwmgkxreobvai2b4mva4djyrlxqjwkqcs76oq7numimnlq,2852593,baga6ea4seaqihedipatxl3h2h45edplkbyn3x2x7vmg7tn435ii2j7uck6kzyna,QmaieTFyWgHsywNF1q2H7W8UP5nM8pV4NDs36XiLMM5fGj
dadabc4c-c140-4842-bce5-d040d4e2fd0c,20230504,http://download.storefrontiers.cn/ipfs/QmRkfN8qYXUje2e74tuhFJieKF7k9Ac4nnf4DRTTK26gBS,17045651456,f03223,bafyreidn32u2e2yodhaqncsqtn3i2ojvn5v6iz37w5ztjp2jgp6c322uie,2852593,baga6ea4seaqp566etwzoysuwcaxt6fq66fbrm3c5e2zwxbtoz6m2bfrpqanmalq,QmcayEFpMAg85LamS4m2nrrqiVud8ciMhdYWjsT6GxFCuh
dadabc4c-c140-4842-bce5-d040d4e2fd0c,20230504,http://download.storefrontiers.cn/ipfs/QmRkfN8qYXUje2e74tuhFJieKF7k9Ac4nnf4DRTTK26gBS,17045651456,f01222595,bafyreibachawzbxgbhxo2t4npmywpocqjves52vhot7kdwqz5i7mlkpv3m,2852593,baga6ea4seaqp566etwzoysuwcaxt6fq66fbrm3c5e2zwxbtoz6m2bfrpqanmalq,QmcayEFpMAg85LamS4m2nrrqiVud8ciMhdYWjsT6GxFCuh
dadabc4c-c140-4842-bce5-d040d4e2fd0c,20230504,http://download.storefrontiers.cn/ipfs/QmRkfN8qYXUje2e74tuhFJieKF7k9Ac4nnf4DRTTK26gBS,17045651456,f08399,bafyreieeefesg2lbcyieq27e7s3t6bsc3s7bqjzws2bjxbbwchan3st6ta,2852593,baga6ea4seaqp566etwzoysuwcaxt6fq66fbrm3c5e2zwxbtoz6m2bfrpqanmalq,QmcayEFpMAg85LamS4m2nrrqiVud8ciMhdYWjsT6GxFCuh
dadabc4c-c140-4842-bce5-d040d4e2fd0c,20230504,http://download.storefrontiers.cn/ipfs/QmRkfN8qYXUje2e74tuhFJieKF7k9Ac4nnf4DRTTK26gBS,17045651456,f0137168,bafyreihi25i3q2ssqmu6imxfy5phuiug7gcics6tv5ba3gr2pg6r7kw6xa,2852593,baga6ea4seaqp566etwzoysuwcaxt6fq66fbrm3c5e2zwxbtoz6m2bfrpqanmalq,QmcayEFpMAg85LamS4m2nrrqiVud8ciMhdYWjsT6GxFCuh
dadabc4c-c140-4842-bce5-d040d4e2fd0c,20230504,http://download.storefrontiers.cn/ipfs/QmRkfN8qYXUje2e74tuhFJieKF7k9Ac4nnf4DRTTK26gBS,17045651456,f01691327,bafyreierwtnwtwm2jn2kpv7nfuc54jeuewwmhtbnfldwy3a7zgofyvvxei,2852593,baga6ea4seaqp566etwzoysuwcaxt6fq66fbrm3c5e2zwxbtoz6m2bfrpqanmalq,QmcayEFpMAg85LamS4m2nrrqiVud8ciMhdYWjsT6GxFCuh
dadabc4c-c140-4842-bce5-d040d4e2fd0c,20230504,http://download.storefrontiers.cn/ipfs/QmRkfN8qYXUje2e74tuhFJieKF7k9Ac4nnf4DRTTK26gBS,17045651456,f01225882,bafyreigjhj5b62nvdt6wto5plmaqbhsf2udpzotk6owgkrrthlapfaiu2q,2852593,baga6ea4seaqp566etwzoysuwcaxt6fq66fbrm3c5e2zwxbtoz6m2bfrpqanmalq,QmcayEFpMAg85LamS4m2nrrqiVud8ciMhdYWjsT6GxFCuh
dadabc4c-c140-4842-bce5-d040d4e2fd0c,20230504,http://download.storefrontiers.cn/ipfs/QmRkfN8qYXUje2e74tuhFJieKF7k9Ac4nnf4DRTTK26gBS,17045651456,f01337533,bafyreidgsdk4ljeekomip4tplh6yeelvtillapjimkoj3mdjyoqaat3oxe,2852593,baga6ea4seaqp566etwzoysuwcaxt6fq66fbrm3c5e2zwxbtoz6m2bfrpqanmalq,QmcayEFpMAg85LamS4m2nrrqiVud8ciMhdYWjsT6GxFCuh
dadabc4c-c140-4842-bce5-d040d4e2fd0c,20230504,http://download.storefrontiers.cn/ipfs/QmRkfN8qYXUje2e74tuhFJieKF7k9Ac4nnf4DRTTK26gBS,17045651456,f0240185,bafyreig22lkrrikc2hyhilkiqz5usftssfumkdyp34ziamunp27ziaja6m,2852593,baga6ea4seaqp566etwzoysuwcaxt6fq66fbrm3c5e2zwxbtoz6m2bfrpqanmalq,QmcayEFpMAg85LamS4m2nrrqiVud8ciMhdYWjsT6GxFCuh
dadabc4c-c140-4842-bce5-d040d4e2fd0c,20230504,http://download.storefrontiers.cn/ipfs/QmRkfN8qYXUje2e74tuhFJieKF7k9Ac4nnf4DRTTK26gBS,17045651456,f0717969,bafyreig74skjzijmixz4wowisjpybq442y5z3vdlusvr7fhr77zohqerte,2852593,baga6ea4seaqp566etwzoysuwcaxt6fq66fbrm3c5e2zwxbtoz6m2bfrpqanmalq,QmcayEFpMAg85LamS4m2nrrqiVud8ciMhdYWjsT6GxFCuh
dadabc4c-c140-4842-bce5-d040d4e2fd0c,20230504,http://download.storefrontiers.cn/ipfs/QmRkfN8qYXUje2e74tuhFJieKF7k9Ac4nnf4DRTTK26gBS,17045651456,f02301,bafyreidoezqcl4xlufs4c4xnk3pn6mazhkjftinxvboikf3cqbzhsifxhq,2852593,baga6ea4seaqp566etwzoysuwcaxt6fq66fbrm3c5e2zwxbtoz6m2bfrpqanmalq,QmcayEFpMAg85LamS4m2nrrqiVud8ciMhdYWjsT6GxFCuh
dadabc4c-c140-4842-bce5-d040d4e2fd0c,20230504,http://download.storefrontiers.cn/ipfs/QmRkfN8qYXUje2e74tuhFJieKF7k9Ac4nnf4DRTTK26gBS,17045651456,f01398391,bafyreifd3o4bor6duevv4zbivu7jurg4n75z6d3bukp6wf5frwadsi7ey4,2852593,baga6ea4seaqp566etwzoysuwcaxt6fq66fbrm3c5e2zwxbtoz6m2bfrpqanmalq,QmcayEFpMAg85LamS4m2nrrqiVud8ciMhdYWjsT6GxFCuh
dadabc4c-c140-4842-bce5-d040d4e2fd0c,20230504,http://download.storefrontiers.cn/ipfs/QmRkfN8qYXUje2e74tuhFJieKF7k9Ac4nnf4DRTTK26gBS,17045651456,f0143858,bafyreifegy44qvsoju7mnophwbcjcb3tnunhzz2ikxozetwwnfqs6yvsni,2852593,baga6ea4seaqp566etwzoysuwcaxt6fq66fbrm3c5e2zwxbtoz6m2bfrpqanmalq,QmcayEFpMAg85LamS4m2nrrqiVud8ciMhdYWjsT6GxFCuh
dadabc4c-c140-4842-bce5-d040d4e2fd0c,20230504,http://download.storefrontiers.cn/ipfs/QmRkfN8qYXUje2e74tuhFJieKF7k9Ac4nnf4DRTTK26gBS,17045651456,f010088,NULL,2852593,baga6ea4seaqp566etwzoysuwcaxt6fq66fbrm3c5e2zwxbtoz6m2bfrpqanmalq,QmcayEFpMAg85LamS4m2nrrqiVud8ciMhdYWjsT6GxFCuh
dadabc4c-c140-4842-bce5-d040d4e2fd0c,20230504,http://download.storefrontiers.cn/ipfs/QmRkfN8qYXUje2e74tuhFJieKF7k9Ac4nnf4DRTTK26gBS,17045651456,f01163272,bafyreibsqspfihtmv7rvg2iwganxr2v442cbdwiltv37sr4ioaf4zcemwm,2852593,baga6ea4seaqp566etwzoysuwcaxt6fq66fbrm3c5e2zwxbtoz6m2bfrpqanmalq,QmcayEFpMAg85LamS4m2nrrqiVud8ciMhdYWjsT6GxFCuh
dadabc4c-c140-4842-bce5-d040d4e2fd0c,20230504,http://download.storefrontiers.cn/ipfs/QmRkfN8qYXUje2e74tuhFJieKF7k9Ac4nnf4DRTTK26gBS,17045651456,f0466405,bafyreiarpvbnekene6i6m4dpaqp5aeu6ggpnc27vcxcpneubnwsipo67gy,2852593,baga6ea4seaqp566etwzoysuwcaxt6fq66fbrm3c5e2zwxbtoz6m2bfrpqanmalq,QmcayEFpMAg85LamS4m2nrrqiVud8ciMhdYWjsT6GxFCuh
